original_filename,new_filename,folder_name,distance,duration_hours,total_ascent,total_descent,abs_ascent_descent_diff,end_date,interval_time,passed_waypoint_guanshanling_mountain_peak,check_tfidf_關山嶺山,check_tfidf_溪頭山,check_tfidf_塔關山,cluster,pca_1,pca_2,pca_3,original_filename_orig,folder_name_orig
關山嶺山 20221210.gpx,HN_Guanshanling_0401.gpx,HN_Guanshanling,2.69,5.18,526.5,512.1,14.4,2022/12/10 00:00,310,TRUE,TRUE,FALSE,FALSE,0,1.376954345,1.389436822,2.245385338,關山嶺山 20221210.gpx,HN_Guanshanling
南橫一星 關山嶺山.gpx,HN_Guanshanling_0106.gpx,HN_Guanshanling,2.69,4.96,537.7,534.6,3.1,2023/2/26 00:00,297,TRUE,TRUE,FALSE,FALSE,0,1.914506655,1.244817018,2.046900556,南橫一星 關山嶺山.gpx,HN_Guanshanling
關山嶺山 (88).gpx,HN_Guanshanling_0214.gpx,HN_Guanshanling,2.34,4.93,496.8,496.8,0,2023/12/2 00:00,295,TRUE,TRUE,FALSE,FALSE,0,-0.576208771,1.894926874,2.048977012,關山嶺山 (88).gpx,HN_Guanshanling
關山嶺山 (89).gpx,HN_Guanshanling_0215.gpx,HN_Guanshanling,2.34,4.93,496.8,496.8,0,2023/12/2 00:00,295,TRUE,TRUE,FALSE,FALSE,0,-0.576208771,1.894926874,2.048977012,關山嶺山 (89).gpx,HN_Guanshanling
關山嶺山 (90).gpx,HN_Guanshanling_0217.gpx,HN_Guanshanling,2.34,4.93,496.8,496.8,0,2023/12/2 00:00,295,TRUE,TRUE,FALSE,FALSE,0,-0.576208771,1.894926874,2.048977012,關山嶺山 (90).gpx,HN_Guanshanling
關山嶺山 (91).gpx,HN_Guanshanling_0218.gpx,HN_Guanshanling,2.34,4.93,496.8,496.8,0,2023/12/2 00:00,295,TRUE,TRUE,FALSE,FALSE,0,-0.576208771,1.894926874,2.048977012,關山嶺山 (91).gpx,HN_Guanshanling
關山嶺山 (92).gpx,HN_Guanshanling_0219.gpx,HN_Guanshanling,2.34,4.93,496.8,496.8,0,2023/12/2 00:00,295,TRUE,TRUE,FALSE,FALSE,0,-0.576208771,1.894926874,2.048977012,關山嶺山 (92).gpx,HN_Guanshanling
關山嶺山 (93).gpx,HN_Guanshanling_0220.gpx,HN_Guanshanling,2.34,4.93,496.8,496.8,0,2023/12/2 00:00,295,TRUE,TRUE,FALSE,FALSE,0,-0.576208771,1.894926874,2.048977012,關山嶺山 (93).gpx,HN_Guanshanling
關山嶺山 - 2025-08-14T140217.575.gpx,HN_Guanshanling_0318.gpx,HN_Guanshanling,2.48,4.84,493.4,507.4,14,2022/12/30 00:00,290,TRUE,TRUE,FALSE,FALSE,0,0.01449896,1.494634862,1.935861442,關山嶺山 - 2025-08-14T140217.575.gpx,HN_Guanshanling
關山嶺山 - 2025-08-14T135949.036.gpx,HN_Guanshanling_0277.gpx,HN_Guanshanling,2.59,4.74,463.2,458.6,4.6,2023/3/25 00:00,284,TRUE,TRUE,FALSE,FALSE,0,-0.879383479,0.988589479,1.794034978,關山嶺山 - 2025-08-14T135949.036.gpx,HN_Guanshanling
關山嶺山 (24).gpx,HN_Guanshanling_0164.gpx,HN_Guanshanling,2.55,4.73,488.5,492.4,3.9,2024/7/13 00:00,284,TRUE,TRUE,FALSE,FALSE,0,-0.062416815,1.185664223,1.813775777,關山嶺山 (24).gpx,HN_Guanshanling
關山嶺山 (47).gpx,HN_Guanshanling_0180.gpx,HN_Guanshanling,2.34,4.72,418.4,406.5,12,2024/3/24 00:00,283,TRUE,TRUE,FALSE,FALSE,-1,-3.31382169,1.376453289,1.783124553,關山嶺山 (47).gpx,HN_Guanshanling
20221211關山嶺山.gpx,HN_Guanshanling_0042.gpx,HN_Guanshanling,2.59,4.66,492.8,480.9,11.9,2022/12/10 00:00,279,TRUE,TRUE,FALSE,FALSE,0,-0.03243872,1.008480738,1.742503664,20221211關山嶺山.gpx,HN_Guanshanling
關山嶺山 - 2025-08-14T140047.288.gpx,HN_Guanshanling_0289.gpx,HN_Guanshanling,2.54,4.66,494.7,491.7,3,2023/2/27 00:00,279,TRUE,TRUE,FALSE,FALSE,0,-0.004291678,1.15172717,1.753954518,關山嶺山 - 2025-08-14T140047.288.gpx,HN_Guanshanling
關山嶺山20250502.gpx,HN_Guanshanling_0420.gpx,HN_Guanshanling,2.36,4.66,477.3,480.1,2.8,2025/5/2 00:00,279,TRUE,TRUE,FALSE,FALSE,0,-1.101123909,1.522982192,1.773000554,關山嶺山20250502.gpx,HN_Guanshanling
20240311關山嶺山.gpx,HN_Guanshanling_0078.gpx,HN_Guanshanling,2.68,4.65,541.5,545.2,3.7,2024/3/11 00:00,278,TRUE,TRUE,FALSE,FALSE,0,2.105315244,1.001082599,1.758369928,20240311關山嶺山.gpx,HN_Guanshanling
關山嶺山 - 2025-08-14T135914.982.gpx,HN_Guanshanling_0267.gpx,HN_Guanshanling,2.6,4.61,519.6,523.3,3.7,2023/4/9 00:00,276,TRUE,TRUE,FALSE,FALSE,0,1.116443013,1.069569098,1.716818494,關山嶺山 - 2025-08-14T135914.982.gpx,HN_Guanshanling
關山嶺山 (10).gpx,HN_Guanshanling_0155.gpx,HN_Guanshanling,2.33,4.51,474.8,481.9,7.1,2025/4/21 00:00,270,TRUE,TRUE,FALSE,FALSE,0,-1.22098156,1.450197018,1.63446415,關山嶺山 (10).gpx,HN_Guanshanling
關山嶺山 - 2025-08-14T140339.859.gpx,HN_Guanshanling_0344.gpx,HN_Guanshanling,2.53,4.49,493.3,503.3,10,2022/9/10 00:00,269,TRUE,TRUE,FALSE,FALSE,0,0.116416992,1.034561259,1.594280246,關山嶺山 - 2025-08-14T140339.859.gpx,HN_Guanshanling
20220716關山嶺山（台東縣登山會向陽登山隊）.gpx,HN_Guanshanling_0035.gpx,HN_Guanshanling,2.37,4.49,483,496,13,2022/7/16 00:00,269,TRUE,TRUE,FALSE,FALSE,0,-0.724287164,1.379548868,1.615399217,20220716關山嶺山（台東縣登山會向陽登山隊）.gpx,HN_Guanshanling
2022-07-31關山嶺山.gpx,HN_Guanshanling_0027.gpx,HN_Guanshanling,2.73,4.45,426.7,418.7,8,2022/7/31 00:00,266,TRUE,TRUE,FALSE,FALSE,0,-1.639545888,0.238048989,1.462211627,2022-07-31關山嶺山.gpx,HN_Guanshanling
關山嶺山 - 2025-08-14T140056.653.gpx,HN_Guanshanling_0292.gpx,HN_Guanshanling,2.48,4.44,485.8,478.4,7.4,2023/2/26 00:00,266,TRUE,TRUE,FALSE,FALSE,0,-0.572849638,1.041261918,1.548585962,關山嶺山 - 2025-08-14T140056.653.gpx,HN_Guanshanling
關山嶺山（埡口登山口原路來回）.gpx,HN_Guanshanling_0450.gpx,HN_Guanshanling,2.48,4.4,474.4,456.8,17.5,2023/5/19 00:00,263,TRUE,TRUE,FALSE,FALSE,0,-1.10345601,0.939578907,1.500363937,關山嶺山（埡口登山口原路來回）.gpx,HN_Guanshanling
關山嶺山 - 2025-08-14T135933.539.gpx,HN_Guanshanling_0273.gpx,HN_Guanshanling,2.75,4.36,552.4,545.5,6.9,2023/4/3 00:00,261,TRUE,TRUE,FALSE,FALSE,0,2.53160214,0.578803785,1.478784196,關山嶺山 - 2025-08-14T135933.539.gpx,HN_Guanshanling
關山嶺山 - 2025-08-14T135743.477.gpx,HN_Guanshanling_0237.gpx,HN_Guanshanling,2.44,4.36,482.4,471.5,10.9,2023/7/23 00:00,261,TRUE,TRUE,FALSE,FALSE,0,-0.87743394,1.039502214,1.476996326,關山嶺山 - 2025-08-14T135743.477.gpx,HN_Guanshanling
關山嶺山 - 2025-08-14T140511.690.gpx,HN_Guanshanling_0374.gpx,HN_Guanshanling,2.57,4.35,599.3,594.6,4.7,2022/7/30 00:00,261,TRUE,TRUE,FALSE,FALSE,-1,3.468561941,1.17436257,1.542091856,關山嶺山 - 2025-08-14T140511.690.gpx,HN_Guanshanling
關山嶺山 - 2025-08-14T135746.964.gpx,HN_Guanshanling_0239.gpx,HN_Guanshanling,2.32,4.34,444.8,432.3,12.5,2023/7/22 00:00,260,TRUE,TRUE,FALSE,FALSE,0,-2.539586225,1.159275164,1.448510057,關山嶺山 - 2025-08-14T135746.964.gpx,HN_Guanshanling
關山嶺山 (76).gpx,HN_Guanshanling_0204.gpx,HN_Guanshanling,2.39,4.32,449.1,468.5,19.4,2023/12/30 00:00,259,TRUE,TRUE,FALSE,FALSE,0,-1.659588496,1.056240589,1.422432051,關山嶺山 (76).gpx,HN_Guanshanling
2022.7.31 關山嶺山.gpx,HN_Guanshanling_0030.gpx,HN_Guanshanling,2.25,4.29,448,523.7,75.7,2022/7/31 00:00,257,TRUE,TRUE,FALSE,FALSE,0,-1.299368686,1.468653857,1.42282553,2022.7.31 關山嶺山.gpx,HN_Guanshanling
關山嶺山112.01.25.gpx,HN_Guanshanling_0415.gpx,HN_Guanshanling,2.64,4.26,486.7,498.2,11.5,2023/1/25 00:00,255,TRUE,TRUE,FALSE,FALSE,0,0.302036183,0.534127837,1.350359619,關山嶺山112.01.25.gpx,HN_Guanshanling
關山嶺山 - 2025-08-14T140558.464.gpx,HN_Guanshanling_0386.gpx,HN_Guanshanling,2.52,4.26,476.9,482.9,6,2022/7/4 00:00,255,TRUE,TRUE,FALSE,FALSE,0,-0.517093454,0.769280585,1.363918446,關山嶺山 - 2025-08-14T140558.464.gpx,HN_Guanshanling
關山嶺山 (99).gpx,HN_Guanshanling_0226.gpx,HN_Guanshanling,2.42,4.26,461.9,461.7,0.3,2023/11/8 00:00,255,TRUE,TRUE,FALSE,FALSE,0,-1.447105871,0.93631381,1.369366889,關山嶺山 (99).gpx,HN_Guanshanling
2023_7_12關山嶺山.gpx,HN_Guanshanling_0068.gpx,HN_Guanshanling,2.46,4.24,470.1,469.2,0.9,2023/7/12 00:00,254,TRUE,TRUE,FALSE,FALSE,0,-1.053583624,0.852205868,1.349843877,2023_7_12關山嶺山.gpx,HN_Guanshanling
關山嶺山-健圓.gpx,HN_Guanshanling_0406.gpx,HN_Guanshanling,2.45,4.23,487,494.3,7.3,2024/3/22 00:00,253,TRUE,TRUE,FALSE,FALSE,0,-0.410721333,0.946380372,1.356967299,關山嶺山-健圓.gpx,HN_Guanshanling
關山嶺山 (9).gpx,HN_Guanshanling_0216.gpx,HN_Guanshanling,2.54,4.21,494,503.1,9,2025/4/27 00:00,252,TRUE,TRUE,FALSE,FALSE,0,0.155615339,0.744900288,1.327372494,關山嶺山 (9).gpx,HN_Guanshanling
關山嶺山 - 2025-08-14T140216.227.gpx,HN_Guanshanling_0317.gpx,HN_Guanshanling,2.54,4.21,473.4,467,6.4,2022/12/31 00:00,252,TRUE,TRUE,FALSE,FALSE,0,-0.75633087,0.636023802,1.308997608,關山嶺山 - 2025-08-14T140216.227.gpx,HN_Guanshanling
關山嶺山 - 2025-08-14T140435.859.gpx,HN_Guanshanling_0363.gpx,HN_Guanshanling,2.67,4.2,573.7,572.6,1.1,2022/8/20 00:00,252,TRUE,TRUE,FALSE,FALSE,0,3.035976834,0.706785544,1.360090626,關山嶺山 - 2025-08-14T140435.859.gpx,HN_Guanshanling
20230724關山嶺山.gpx,HN_Guanshanling_0063.gpx,HN_Guanshanling,2.43,4.15,468.9,422.3,46.6,2023/7/24 00:00,248,TRUE,TRUE,FALSE,FALSE,0,-1.911924204,0.739512275,1.265840067,20230724關山嶺山.gpx,HN_Guanshanling
關山嶺山 - 2025-08-14T135812.294.gpx,HN_Guanshanling_0246.gpx,HN_Guanshanling,2.6,4.1,481.4,461.4,20,2022/12/3 00:00,246,TRUE,TRUE,FALSE,FALSE,0,-0.503165018,0.391894561,1.199349469,關山嶺山 - 2025-08-14T135812.294.gpx,HN_Guanshanling
關山嶺山 - 2025-08-14T140009.902.gpx,HN_Guanshanling_0283.gpx,HN_Guanshanling,2.59,4.08,528.6,504.6,24,2023/3/18 00:00,244,TRUE,TRUE,FALSE,FALSE,0,0.933808627,0.565307299,1.221585721,關山嶺山 - 2025-08-14T140009.902.gpx,HN_Guanshanling
2022-06-25 關山嶺山.gpx,HN_Guanshanling_0022.gpx,HN_Guanshanling,2.55,4.05,507.6,507.6,0,2022/6/25 00:00,243,TRUE,TRUE,FALSE,FALSE,0,0.487702614,0.601269155,1.184550941,2022-06-25 關山嶺山.gpx,HN_Guanshanling
關山嶺山 - 2025-08-14T140409.775.gpx,HN_Guanshanling_0352.gpx,HN_Guanshanling,2.51,4.05,483.4,479,4.4,2022/9/9 00:00,243,TRUE,TRUE,FALSE,FALSE,0,-0.50594681,0.59590241,1.171313393,關山嶺山 - 2025-08-14T140409.775.gpx,HN_Guanshanling
關山嶺山 - 2025-08-14T135758.367.gpx,HN_Guanshanling_0242.gpx,HN_Guanshanling,2.4,4.05,483.2,475,8.2,2023/7/12 00:00,243,TRUE,TRUE,FALSE,FALSE,0,-0.951884303,0.846935782,1.191204405,關山嶺山 - 2025-08-14T135758.367.gpx,HN_Guanshanling
2022_12_17關山嶺山.gpx,HN_Guanshanling_0046.gpx,HN_Guanshanling,2.71,4.04,534.9,541.5,6.6,2022/12/17 00:00,242,TRUE,TRUE,FALSE,FALSE,0,2.030953317,0.330092318,1.168889018,2022_12_17關山嶺山.gpx,HN_Guanshanling
關山嶺山 - 2025-08-14T140616.557.gpx,HN_Guanshanling_0387.gpx,HN_Guanshanling,2.44,4.02,463.1,461.1,2,2022/6/20 00:00,241,TRUE,TRUE,FALSE,FALSE,0,-1.370597712,0.661221346,1.138909834,關山嶺山 - 2025-08-14T140616.557.gpx,HN_Guanshanling
關山嶺山 - 2025-08-14T140214.879.gpx,HN_Guanshanling_0316.gpx,HN_Guanshanling,2.38,4.01,484.3,475.5,8.8,2023/1/1 00:00,240,TRUE,TRUE,FALSE,FALSE,0,-0.995179374,0.858903422,1.157840736,關山嶺山 - 2025-08-14T140214.879.gpx,HN_Guanshanling
關山嶺山 - 2025-08-14T140053.942.gpx,HN_Guanshanling_0291.gpx,HN_Guanshanling,2.48,3.97,497.9,493.5,4.4,2023/2/26 00:00,238,TRUE,TRUE,FALSE,FALSE,0,-0.139391485,0.644825777,1.113150895,關山嶺山 - 2025-08-14T140053.942.gpx,HN_Guanshanling
20240626_關山嶺山.gpx,HN_Guanshanling_0080.gpx,HN_Guanshanling,2.71,3.96,494.4,521,26.6,2024/6/26 00:00,237,TRUE,TRUE,FALSE,FALSE,0,1.025902032,0.142727488,1.060385182,20240626_關山嶺山.gpx,HN_Guanshanling
關山嶺山 - 2025-08-14T140530.936.gpx,HN_Guanshanling_0381.gpx,HN_Guanshanling,2.48,3.96,485.2,503.2,18,2022/7/22 00:00,237,TRUE,TRUE,FALSE,FALSE,0,-0.20221685,0.633341798,1.094555413,關山嶺山 - 2025-08-14T140530.936.gpx,HN_Guanshanling
關山嶺山 (35).gpx,HN_Guanshanling_0171.gpx,HN_Guanshanling,2.31,3.92,440.9,450.4,9.5,2024/6/19 00:00,235,TRUE,TRUE,FALSE,FALSE,0,-2.36306005,0.81282119,1.050231033,關山嶺山 (35).gpx,HN_Guanshanling
南橫三星-關山嶺山 (2).gpx,HN_Guanshanling_0111.gpx,HN_Guanshanling,2.47,3.91,514.3,508.7,5.6,2023/6/10 00:00,234,TRUE,TRUE,FALSE,FALSE,0,0.339554296,0.670301807,1.071776021,南橫三星-關山嶺山 (2).gpx,HN_Guanshanling
關山嶺山 - 2025-08-14T140140.596.gpx,HN_Guanshanling_0307.gpx,HN_Guanshanling,2.52,3.89,539.2,533,6.2,2023/2/5 00:00,233,TRUE,TRUE,FALSE,FALSE,0,1.312058261,0.625442149,1.064436452,關山嶺山 - 2025-08-14T140140.596.gpx,HN_Guanshanling
關山嶺山 - 2025-08-14T140120.188.gpx,HN_Guanshanling_0301.gpx,HN_Guanshanling,2.46,3.89,493.7,477.7,16,2023/2/12 00:00,233,TRUE,TRUE,FALSE,FALSE,0,-0.527504824,0.576358762,1.036632224,關山嶺山 - 2025-08-14T140120.188.gpx,HN_Guanshanling
20230603關山嶺山.gpx,HN_Guanshanling_0061.gpx,HN_Guanshanling,2.39,3.89,439.7,442.3,2.6,2023/6/3 00:00,233,TRUE,TRUE,FALSE,FALSE,0,-2.233974623,0.576905442,1.005508667,20230603關山嶺山.gpx,HN_Guanshanling
關山嶺山 - 2025-08-14T140212.213.gpx,HN_Guanshanling_0315.gpx,HN_Guanshanling,2.86,3.85,439,436,3,2022/12/30 00:00,231,TRUE,TRUE,FALSE,FALSE,0,-0.721065018,-0.584177192,0.87975798,關山嶺山 - 2025-08-14T140212.213.gpx,HN_Guanshanling
關山嶺山 - 2025-08-14T140251.750.gpx,HN_Guanshanling_0330.gpx,HN_Guanshanling,2.49,3.78,475,487.6,12.6,2022/12/10 00:00,226,TRUE,TRUE,FALSE,FALSE,0,-0.586249918,0.388926172,0.913033931,關山嶺山 - 2025-08-14T140251.750.gpx,HN_Guanshanling
20250523關山嶺山.gpx,HN_Guanshanling_0089.gpx,HN_Guanshanling,2.48,3.75,460.5,463.3,2.8,2025/5/23 00:00,225,TRUE,TRUE,FALSE,FALSE,0,-1.245780086,0.309555977,0.873569125,20250523關山嶺山.gpx,HN_Guanshanling
關山嶺山 - 2025-08-14T140526.632.gpx,HN_Guanshanling_0379.gpx,HN_Guanshanling,2.48,3.74,531.3,531.3,0,2022/7/22 00:00,224,TRUE,TRUE,FALSE,FALSE,0,1.011814355,0.559871392,0.923344725,關山嶺山 - 2025-08-14T140526.632.gpx,HN_Guanshanling
關山嶺山 - 2025-08-14T140529.342.gpx,HN_Guanshanling_0380.gpx,HN_Guanshanling,2.63,3.73,539.5,544,4.4,2022/7/22 00:00,223,TRUE,TRUE,FALSE,FALSE,0,1.866801813,0.23636564,0.893345117,關山嶺山 - 2025-08-14T140529.342.gpx,HN_Guanshanling
關山嶺山20221119.gpx,HN_Guanshanling_0417.gpx,HN_Guanshanling,2.57,3.72,542.6,554.4,11.8,2022/11/19 00:00,223,TRUE,TRUE,FALSE,FALSE,0,1.874253354,0.39491335,0.898054955,關山嶺山20221119.gpx,HN_Guanshanling
關山嶺山 (11).gpx,HN_Guanshanling_0156.gpx,HN_Guanshanling,2.65,3.7,562.1,558.1,4,2025/4/19 00:00,221,TRUE,TRUE,FALSE,FALSE,0,2.537255554,0.228019333,0.879583146,關山嶺山 (11).gpx,HN_Guanshanling
關山嶺山 (3).gpx,HN_Guanshanling_0168.gpx,HN_Guanshanling,2.58,3.7,495.5,485.6,9.8,2025/5/23 00:00,221,TRUE,TRUE,FALSE,FALSE,0,0.03820772,0.131341617,0.836178145,關山嶺山 (3).gpx,HN_Guanshanling
關山嶺山 - 2025-08-14T140337.147.gpx,HN_Guanshanling_0343.gpx,HN_Guanshanling,2.9,3.68,529.7,527.2,2.4,2022/10/8 00:00,220,TRUE,TRUE,FALSE,FALSE,0,2.370896148,-0.499356565,0.787320604,關山嶺山 - 2025-08-14T140337.147.gpx,HN_Guanshanling
20240213關山嶺山.gpx,HN_Guanshanling_0076.gpx,HN_Guanshanling,2.65,3.68,517.1,528.1,11,2024/2/13 00:00,221,TRUE,TRUE,FALSE,FALSE,0,1.308626144,0.070762796,0.823864554,20240213關山嶺山.gpx,HN_Guanshanling
關山嶺山 - 2025-08-14T140104.036.gpx,HN_Guanshanling_0296.gpx,HN_Guanshanling,2.44,3.67,457,456.2,0.8,2022/11/20 00:00,220,TRUE,TRUE,FALSE,FALSE,0,-1.55517832,0.307217257,0.801888572,關山嶺山 - 2025-08-14T140104.036.gpx,HN_Guanshanling
關山嶺山 - 2025-08-14T135832.558.gpx,HN_Guanshanling_0253.gpx,HN_Guanshanling,2.69,3.65,586.8,581.4,5.4,2023/5/27 00:00,219,TRUE,TRUE,FALSE,FALSE,0,3.45577137,0.175780103,0.84541202,關山嶺山 - 2025-08-14T135832.558.gpx,HN_Guanshanling
2022-07-10_南橫三山~關山嶺山.gpx,HN_Guanshanling_0024.gpx,HN_Guanshanling,2.46,3.65,446.9,446.9,0,2022/7/10 00:00,219,TRUE,TRUE,FALSE,FALSE,0,-1.802186391,0.204716659,0.770797064,2022-07-10_南橫三山~關山嶺山.gpx,HN_Guanshanling
關山嶺山 (43).gpx,HN_Guanshanling_0177.gpx,HN_Guanshanling,2.62,3.63,476.2,460.1,16.1,2024/4/3 00:00,218,TRUE,TRUE,FALSE,FALSE,0,-0.548915137,-0.114782735,0.74575395,關山嶺山 (43).gpx,HN_Guanshanling
關山嶺山 - 2025-08-14T135855.437.gpx,HN_Guanshanling_0260.gpx,HN_Guanshanling,2.59,3.62,474.9,472.2,2.8,2023/4/22 00:00,217,TRUE,TRUE,FALSE,FALSE,0,-0.485493515,-0.031080165,0.741649656,關山嶺山 - 2025-08-14T135855.437.gpx,HN_Guanshanling
關山嶺山 (37).gpx,HN_Guanshanling_0173.gpx,HN_Guanshanling,2.65,3.59,521.5,522,0.5,2024/6/17 00:00,215,TRUE,TRUE,FALSE,FALSE,0,1.286222864,-0.019922539,0.741463943,關山嶺山 (37).gpx,HN_Guanshanling
關山嶺山 - 2025-08-14T140048.654.gpx,HN_Guanshanling_0290.gpx,HN_Guanshanling,2.32,3.58,556,587.2,31.2,2023/1/27 00:00,214,TRUE,TRUE,FALSE,FALSE,0,1.747381627,0.941157015,0.824049406,關山嶺山 - 2025-08-14T140048.654.gpx,HN_Guanshanling
關山嶺山 - 2025-08-14T140430.329.gpx,HN_Guanshanling_0361.gpx,HN_Guanshanling,2.64,3.55,554.3,560.4,6.1,2022/8/22 00:00,212,TRUE,TRUE,FALSE,FALSE,0,2.404873339,0.099995413,0.733303522,關山嶺山 - 2025-08-14T140430.329.gpx,HN_Guanshanling
關山嶺山 - 2025-08-14T140209.313.gpx,HN_Guanshanling_0314.gpx,HN_Guanshanling,2.59,3.53,519.4,528.4,9,2023/1/9 00:00,211,TRUE,TRUE,FALSE,FALSE,0,1.142674857,0.073915207,0.694464305,關山嶺山 - 2025-08-14T140209.313.gpx,HN_Guanshanling
關山嶺山 - 2025-08-14T140110.658.gpx,HN_Guanshanling_0298.gpx,HN_Guanshanling,2.56,3.51,513.2,500,13.2,2023/2/18 00:00,210,TRUE,TRUE,FALSE,FALSE,0,0.49016281,0.057106961,0.674289126,關山嶺山 - 2025-08-14T140110.658.gpx,HN_Guanshanling
關山嶺山 (77).gpx,HN_Guanshanling_0205.gpx,HN_Guanshanling,2.78,3.5,449.7,435.4,14.3,2023/12/30 00:00,210,TRUE,TRUE,FALSE,FALSE,0,-0.831315038,-0.711908615,0.570757292,關山嶺山 (77).gpx,HN_Guanshanling
關山嶺山 - 2025-08-14T140423.366.gpx,HN_Guanshanling_0357.gpx,HN_Guanshanling,2.55,3.5,428.2,423.4,4.8,2022/8/26 00:00,209,TRUE,TRUE,FALSE,FALSE,0,-2.176330476,-0.230516613,0.5958547,關山嶺山 - 2025-08-14T140423.366.gpx,HN_Guanshanling
關山嶺山 - 2025-08-14T140712.973.gpx,HN_Guanshanling_0398.gpx,HN_Guanshanling,2.86,3.48,509.9,506.3,3.6,2022/5/1 00:00,208,TRUE,TRUE,FALSE,FALSE,0,1.568981342,-0.67210219,0.588303047,關山嶺山 - 2025-08-14T140712.973.gpx,HN_Guanshanling
2023_11_11關山嶺山 (1).gpx,HN_Guanshanling_0065.gpx,HN_Guanshanling,2.51,3.47,502.4,490.5,11.9,2023/11/11 00:00,208,TRUE,TRUE,FALSE,FALSE,0,-0.013912285,0.099096693,0.63660672,2023_11_11關山嶺山 (1).gpx,HN_Guanshanling
2023_11_11關山嶺山.gpx,HN_Guanshanling_0066.gpx,HN_Guanshanling,2.51,3.47,502.4,490.5,11.9,2023/11/11 00:00,208,TRUE,TRUE,FALSE,FALSE,0,-0.013912285,0.099096693,0.63660672,2023_11_11關山嶺山.gpx,HN_Guanshanling
關山嶺山 - 2025-08-14T135946.534.gpx,HN_Guanshanling_0276.gpx,HN_Guanshanling,2.57,3.46,562.9,563.3,0.4,2023/3/25 00:00,207,TRUE,TRUE,FALSE,FALSE,0,2.352194759,0.200009788,0.66769569,關山嶺山 - 2025-08-14T135946.534.gpx,HN_Guanshanling
南橫三星-關山嶺山.gpx,HN_Guanshanling_0113.gpx,HN_Guanshanling,2.49,3.43,476.6,474.5,2.2,2025/5/23 00:00,205,TRUE,TRUE,FALSE,FALSE,0,-0.769076299,0.031377334,0.58137528,南橫三星-關山嶺山.gpx,HN_Guanshanling
關山嶺山111_6_5.gpx,HN_Guanshanling_0414.gpx,HN_Guanshanling,2.48,3.4,544,539.8,4.2,2022/6/5 00:00,204,TRUE,TRUE,FALSE,FALSE,0,1.354099374,0.274900295,0.611221393,關山嶺山111_6_5.gpx,HN_Guanshanling
關山嶺山 (66).gpx,HN_Guanshanling_0195.gpx,HN_Guanshanling,2.68,3.39,561.8,571.1,9.3,2024/2/8 00:00,203,TRUE,TRUE,FALSE,FALSE,0,2.834587774,-0.112213162,0.580670559,關山嶺山 (66).gpx,HN_Guanshanling
關山嶺山 - 2025-08-14T135840.132.gpx,HN_Guanshanling_0255.gpx,HN_Guanshanling,2.47,3.39,486.2,486.1,0.1,2023/5/5 00:00,203,TRUE,TRUE,FALSE,FALSE,0,-0.495416737,0.080529069,0.555330043,關山嶺山 - 2025-08-14T135840.132.gpx,HN_Guanshanling
20221008關山嶺山.gpx,HN_Guanshanling_0038.gpx,HN_Guanshanling,2.74,3.38,590.3,600.4,10.2,2022/10/8 00:00,202,TRUE,TRUE,FALSE,FALSE,0,3.980695291,-0.154778159,0.584088983,20221008關山嶺山.gpx,HN_Guanshanling
關山嶺山 (79).gpx,HN_Guanshanling_0206.gpx,HN_Guanshanling,2.64,3.38,531.1,534,2.9,2023/12/23 00:00,202,TRUE,TRUE,FALSE,FALSE,0,1.598233217,-0.15556941,0.552350548,關山嶺山 (79).gpx,HN_Guanshanling
關山嶺山 - 2025-08-14T140136.530.gpx,HN_Guanshanling_0305.gpx,HN_Guanshanling,2.48,3.38,516.5,517.8,1.3,2023/2/6 00:00,202,TRUE,TRUE,FALSE,FALSE,0,0.54584031,0.163908715,0.569539276,關山嶺山 - 2025-08-14T140136.530.gpx,HN_Guanshanling
2024_06_22 關山嶺山.gpx,HN_Guanshanling_0084.gpx,HN_Guanshanling,2.62,3.36,433.9,442.3,8.4,2024/6/22 00:00,201,TRUE,TRUE,FALSE,FALSE,0,-1.544873616,-0.480803522,0.455832069,2024_06_22 關山嶺山.gpx,HN_Guanshanling
關山嶺山 (21).gpx,HN_Guanshanling_0162.gpx,HN_Guanshanling,2.44,3.36,476,477.5,1.5,2024/7/19 00:00,201,TRUE,TRUE,FALSE,FALSE,0,-0.906056651,0.087723863,0.523962478,關山嶺山 (21).gpx,HN_Guanshanling
關山嶺山 (80).gpx,HN_Guanshanling_0207.gpx,HN_Guanshanling,2.36,3.36,464.1,465.1,1,2023/12/17 00:00,201,TRUE,TRUE,FALSE,FALSE,0,-1.577096505,0.23082108,0.528714759,關山嶺山 (80).gpx,HN_Guanshanling
關山嶺山 - 2025-08-14T140452.315.gpx,HN_Guanshanling_0369.gpx,HN_Guanshanling,2.67,3.35,515.9,518.9,3,2022/8/10 00:00,201,TRUE,TRUE,FALSE,FALSE,0,1.208900393,-0.311751146,0.505594952,關山嶺山 - 2025-08-14T140452.315.gpx,HN_Guanshanling
關山嶺山 - 2025-08-14T140354.775.gpx,HN_Guanshanling_0348.gpx,HN_Guanshanling,2.56,3.35,459.9,493.9,34,2022/9/17 00:00,200,TRUE,TRUE,FALSE,FALSE,0,-0.50693934,-0.199042283,0.481042581,關山嶺山 - 2025-08-14T140354.775.gpx,HN_Guanshanling
0605關山嶺山.gpx,HN_Guanshanling_0001.gpx,HN_Guanshanling,2.87,3.34,552,536.2,15.8,2022/6/5 00:00,200,TRUE,TRUE,FALSE,FALSE,0,2.779352009,-0.696096479,0.488169948,0605關山嶺山.gpx,HN_Guanshanling
關山嶺山 - 2025-08-14T135900.480.gpx,HN_Guanshanling_0261.gpx,HN_Guanshanling,2.88,3.33,572.9,570.5,2.4,2023/4/16 00:00,199,TRUE,TRUE,FALSE,FALSE,0,3.702627256,-0.623501949,0.49531829,關山嶺山 - 2025-08-14T135900.480.gpx,HN_Guanshanling
關山嶺山 (22).gpx,HN_Guanshanling_0163.gpx,HN_Guanshanling,2.68,3.33,468.5,496.8,28.3,2024/7/19 00:00,199,TRUE,TRUE,FALSE,FALSE,0,0.09781336,-0.480598073,0.446728294,關山嶺山 (22).gpx,HN_Guanshanling
關山嶺山 - 2025-08-14T140500.772.gpx,HN_Guanshanling_0373.gpx,HN_Guanshanling,2.46,3.33,446.6,432,14.6,2022/7/11 00:00,199,TRUE,TRUE,FALSE,FALSE,0,-2.044780747,-0.131162911,0.466005407,關山嶺山 - 2025-08-14T140500.772.gpx,HN_Guanshanling
關山嶺山 (81).gpx,HN_Guanshanling_0208.gpx,HN_Guanshanling,2.62,3.32,497.3,484.7,12.6,2023/12/16 00:00,199,TRUE,TRUE,FALSE,FALSE,0,0.18723019,-0.323952226,0.469674643,關山嶺山 (81).gpx,HN_Guanshanling
關山嶺山 (73).gpx,HN_Guanshanling_0202.gpx,HN_Guanshanling,2.6,3.32,479.6,473.1,6.5,2024/1/19 00:00,199,TRUE,TRUE,FALSE,FALSE,0,-0.361887956,-0.330713337,0.458929273,關山嶺山 (73).gpx,HN_Guanshanling
2024_03_27關山嶺山.gpx,HN_Guanshanling_0082.gpx,HN_Guanshanling,2.42,3.32,459.5,471.8,12.3,2024/3/27 00:00,199,TRUE,TRUE,FALSE,FALSE,0,-1.343271714,0.056926255,0.476610229,2024_03_27關山嶺山.gpx,HN_Guanshanling
關山嶺山 (4).gpx,HN_Guanshanling_0174.gpx,HN_Guanshanling,2.62,3.31,498.2,495.8,2.4,2025/5/23 00:00,198,TRUE,TRUE,FALSE,FALSE,0,0.375790369,-0.309305626,0.46165317,關山嶺山 (4).gpx,HN_Guanshanling
關山嶺山 - 2025-08-14T140307.413.gpx,HN_Guanshanling_0334.gpx,HN_Guanshanling,2.62,3.31,480,473.3,6.7,2022/11/20 00:00,198,TRUE,TRUE,FALSE,FALSE,0,-0.28305859,-0.386339344,0.446071059,關山嶺山 - 2025-08-14T140307.413.gpx,HN_Guanshanling
關山嶺山 (75).gpx,HN_Guanshanling_0203.gpx,HN_Guanshanling,2.61,3.31,487.5,480.6,6.9,2024/1/12 00:00,198,TRUE,TRUE,FALSE,FALSE,0,-0.07692968,-0.335022339,0.45420291,關山嶺山 (75).gpx,HN_Guanshanling
關山嶺山 - 2025-08-14T140424.721.gpx,HN_Guanshanling_0358.gpx,HN_Guanshanling,2.62,3.29,491.2,490.6,0.7,2022/8/26 00:00,197,TRUE,TRUE,FALSE,FALSE,0,0.176089636,-0.350951561,0.436929367,關山嶺山 - 2025-08-14T140424.721.gpx,HN_Guanshanling
關山嶺山 - 2025-08-14T135950.326.gpx,HN_Guanshanling_0278.gpx,HN_Guanshanling,2.57,3.29,480.2,479.1,1.1,2023/3/25 00:00,197,TRUE,TRUE,FALSE,FALSE,0,-0.362048141,-0.275260386,0.436894878,關山嶺山 - 2025-08-14T135950.326.gpx,HN_Guanshanling
關山嶺山 (40).gpx,HN_Guanshanling_0175.gpx,HN_Guanshanling,2.73,3.27,493.3,502.3,9,2024/4/14 00:00,196,TRUE,TRUE,FALSE,FALSE,0,0.774168905,-0.602091348,0.400066058,關山嶺山 (40).gpx,HN_Guanshanling
關山嶺山 - 2025-08-14T135921.813.gpx,HN_Guanshanling_0270.gpx,HN_Guanshanling,2.74,3.26,506.1,510.8,4.6,2023/4/8 00:00,195,TRUE,TRUE,FALSE,FALSE,0,1.157447021,-0.595974971,0.399183845,關山嶺山 - 2025-08-14T135921.813.gpx,HN_Guanshanling
20220827，關山嶺山.gpx,HN_Guanshanling_0037.gpx,HN_Guanshanling,2.6,3.26,486.9,490.1,3.2,2022/8/28 00:00,195,TRUE,TRUE,FALSE,FALSE,0,0.026181359,-0.340734402,0.408821572,20220827，關山嶺山.gpx,HN_Guanshanling
南橫三星 關山嶺山.gpx,HN_Guanshanling_0109.gpx,HN_Guanshanling,2.59,3.26,487.4,500.2,12.8,2023/1/6 00:00,195,TRUE,TRUE,FALSE,FALSE,0,0.157954994,-0.295687204,0.411755268,南橫三星 關山嶺山.gpx,HN_Guanshanling
關山嶺山 - 2025-08-14T140131.037.gpx,HN_Guanshanling_0303.gpx,HN_Guanshanling,2.5,3.26,475.9,474.3,1.5,2023/2/8 00:00,195,TRUE,TRUE,FALSE,FALSE,0,-0.751917323,-0.155842891,0.41772623,關山嶺山 - 2025-08-14T140131.037.gpx,HN_Guanshanling
關山嶺山 - 2025-08-14T135940.030.gpx,HN_Guanshanling_0275.gpx,HN_Guanshanling,2.31,3.26,463.5,449.6,13.8,2023/4/2 00:00,195,TRUE,TRUE,FALSE,FALSE,0,-2.003703975,0.220847558,0.441562347,關山嶺山 - 2025-08-14T135940.030.gpx,HN_Guanshanling
關山嶺山 - 2025-08-14T140243.523.gpx,HN_Guanshanling_0327.gpx,HN_Guanshanling,2.82,3.25,553.3,533,20.3,2022/12/10 00:00,194,TRUE,TRUE,FALSE,FALSE,0,2.577226636,-0.668203506,0.412820104,關山嶺山 - 2025-08-14T140243.523.gpx,HN_Guanshanling
111.08.20關山嶺山.gpx,HN_Guanshanling_0003.gpx,HN_Guanshanling,2.5,3.24,470.4,467.5,2.9,2022/8/20 00:00,194,TRUE,TRUE,FALSE,FALSE,0,-0.951316926,-0.198184659,0.394046913,111.08.20關山嶺山.gpx,HN_Guanshanling
20221210關山嶺山.gpx,HN_Guanshanling_0041.gpx,HN_Guanshanling,2.68,3.23,541.4,559.1,17.7,2022/12/10 00:00,193,TRUE,TRUE,FALSE,FALSE,0,2.300444786,-0.32408854,0.412359227,20221210關山嶺山.gpx,HN_Guanshanling
2024 關山嶺山.gpx,HN_Guanshanling_0069.gpx,HN_Guanshanling,2.46,3.23,445.4,438.2,7.2,2024/2/10 00:00,193,TRUE,TRUE,FALSE,FALSE,0,-1.969553035,-0.215878717,0.370659296,2024 關山嶺山.gpx,HN_Guanshanling
1104 關山嶺山.gpx,HN_Guanshanling_0002.gpx,HN_Guanshanling,2.62,3.22,479.8,488.6,8.8,2022/11/4 00:00,193,TRUE,TRUE,FALSE,FALSE,0,-0.048559178,-0.441254904,0.361612098,1104 關山嶺山.gpx,HN_Guanshanling
2022.05.11 關山嶺山.gpx,HN_Guanshanling_0029.gpx,HN_Guanshanling,2.58,3.21,490.7,487.3,3.4,2022/5/11 00:00,192,TRUE,TRUE,FALSE,FALSE,0,-0.023281333,-0.340406407,0.367823624,2022.05.11 關山嶺山.gpx,HN_Guanshanling
關山嶺山｜南橫三星.gpx,HN_Guanshanling_0452.gpx,HN_Guanshanling,2.51,3.2,493.5,514.9,21.4,2022/5/6 00:00,191,TRUE,TRUE,FALSE,FALSE,0,0.213432032,-0.123701169,0.375343656,關山嶺山｜南橫三星.gpx,HN_Guanshanling
關山嶺山 - 2025-08-14T135813.548.gpx,HN_Guanshanling_0247.gpx,HN_Guanshanling,2.49,3.2,574.6,565.8,8.9,2023/6/23 00:00,191,TRUE,TRUE,FALSE,FALSE,0,2.308576804,0.166087344,0.445047317,關山嶺山 - 2025-08-14T135813.548.gpx,HN_Guanshanling
關山嶺山 - 2025-08-14T140325.181.gpx,HN_Guanshanling_0340.gpx,HN_Guanshanling,2.23,3.2,436.1,300.9,135.2,2022/11/5 00:00,192,TRUE,TRUE,FALSE,FALSE,-1,-5.067833059,0.002268771,0.368002882,關山嶺山 - 2025-08-14T140325.181.gpx,HN_Guanshanling
關山嶺山 - 2025-08-14T140011.199.gpx,HN_Guanshanling_0284.gpx,HN_Guanshanling,2.56,3.19,468,465.7,2.3,2023/3/18 00:00,191,TRUE,TRUE,FALSE,FALSE,0,-0.813384422,-0.395179531,0.333562015,關山嶺山 - 2025-08-14T140011.199.gpx,HN_Guanshanling
一日雙星no1關山嶺山.gpx,HN_Guanshanling_0103.gpx,HN_Guanshanling,2.34,3.19,416.4,459.3,42.9,2023/12/31 00:00,191,TRUE,TRUE,FALSE,FALSE,0,-2.544250016,0.022524887,0.334012866,一日雙星no1關山嶺山.gpx,HN_Guanshanling
20250503關山嶺山.gpx,HN_Guanshanling_0088.gpx,HN_Guanshanling,2.79,3.18,516,530.9,14.9,2025/5/3 00:00,190,TRUE,TRUE,FALSE,FALSE,0,1.810305465,-0.732255111,0.323086233,20250503關山嶺山.gpx,HN_Guanshanling
關山嶺山 - 2025-08-14T140139.237.gpx,HN_Guanshanling_0306.gpx,HN_Guanshanling,2.61,3.17,492.4,496.3,3.8,2023/2/5 00:00,189,TRUE,TRUE,FALSE,FALSE,0,0.249164528,-0.428046921,0.326274526,關山嶺山 - 2025-08-14T140139.237.gpx,HN_Guanshanling
關山嶺山 - 2025-08-14T140240.848.gpx,HN_Guanshanling_0326.gpx,HN_Guanshanling,2.44,3.17,457.1,444.3,12.8,2022/12/3 00:00,190,TRUE,TRUE,FALSE,FALSE,0,-1.746720986,-0.193410697,0.326879674,關山嶺山 - 2025-08-14T140240.848.gpx,HN_Guanshanling
關山嶺山 - 2025-08-14T140124.237.gpx,HN_Guanshanling_0302.gpx,HN_Guanshanling,2.61,3.16,511,496.1,14.9,2023/2/5 00:00,189,TRUE,TRUE,FALSE,FALSE,0,0.559769686,-0.406152776,0.331104064,關山嶺山 - 2025-08-14T140124.237.gpx,HN_Guanshanling
關山嶺山 - 2025-08-14T140448.324.gpx,HN_Guanshanling_0368.gpx,HN_Guanshanling,2.47,3.16,560.7,556.1,4.6,2022/8/14 00:00,189,TRUE,TRUE,FALSE,FALSE,0,1.852708269,0.131582008,0.39942037,關山嶺山 - 2025-08-14T140448.324.gpx,HN_Guanshanling
關山嶺山 - 2025-08-14T140157.113.gpx,HN_Guanshanling_0310.gpx,HN_Guanshanling,2.67,3.15,491.1,486.2,4.9,2023/1/25 00:00,189,TRUE,TRUE,FALSE,FALSE,0,0.276345241,-0.611494086,0.294516551,關山嶺山 - 2025-08-14T140157.113.gpx,HN_Guanshanling
2022-07-15 關山嶺山（百岳、南橫三星）.gpx,HN_Guanshanling_0026.gpx,HN_Guanshanling,2.52,3.15,473.3,472.1,1.1,2022/7/15 00:00,188,TRUE,TRUE,FALSE,FALSE,0,-0.762671753,-0.3168038,0.307538374,2022-07-15 關山嶺山（百岳、南橫三星）.gpx,HN_Guanshanling
關山嶺山 - 2025-08-14T140244.849.gpx,HN_Guanshanling_0328.gpx,HN_Guanshanling,2.81,3.14,542.2,543.3,1,2022/12/10 00:00,188,TRUE,TRUE,FALSE,FALSE,0,2.514790552,-0.747437795,0.302494353,關山嶺山 - 2025-08-14T140244.849.gpx,HN_Guanshanling
關山嶺山 (17).gpx,HN_Guanshanling_0159.gpx,HN_Guanshanling,2.4,3.14,454.1,437.1,17,2023/12/30 00:00,188,TRUE,TRUE,FALSE,FALSE,0,-2.048524149,-0.147444568,0.303003358,關山嶺山 (17).gpx,HN_Guanshanling
關山嶺山 - 2025-08-14T135823.708.gpx,HN_Guanshanling_0250.gpx,HN_Guanshanling,2.56,3.12,478.5,490.3,11.8,2023/6/3 00:00,187,TRUE,TRUE,FALSE,FALSE,0,-0.25265484,-0.393755471,0.276961737,關山嶺山 - 2025-08-14T135823.708.gpx,HN_Guanshanling
南橫三星-關山嶺山 (1).gpx,HN_Guanshanling_0110.gpx,HN_Guanshanling,2.41,3.12,481.2,489.9,8.7,2024/7/19 00:00,187,TRUE,TRUE,FALSE,FALSE,0,-0.731573149,-0.036041566,0.306726717,南橫三星-關山嶺山 (1).gpx,HN_Guanshanling
關山嶺山 (6).gpx,HN_Guanshanling_0189.gpx,HN_Guanshanling,2.38,3.12,522.8,541.8,19,2025/5/10 00:00,187,TRUE,TRUE,FALSE,FALSE,0,0.678091156,0.211778674,0.347918246,關山嶺山 (6).gpx,HN_Guanshanling
關山嶺山 - 2025-08-14T140255.840.gpx,HN_Guanshanling_0332.gpx,HN_Guanshanling,2.58,3.11,509.5,508.6,0.8,2022/12/4 00:00,186,TRUE,TRUE,FALSE,FALSE,0,0.625492546,-0.360099202,0.288932661,關山嶺山 - 2025-08-14T140255.840.gpx,HN_Guanshanling
221127關山嶺山.gpx,HN_Guanshanling_0092.gpx,HN_Guanshanling,2.47,3.1,479.1,484.6,5.5,2022/11/27 00:00,185,TRUE,TRUE,FALSE,FALSE,0,-0.642858177,-0.211068936,0.274685606,221127關山嶺山.gpx,HN_Guanshanling
關山嶺山 (94).gpx,HN_Guanshanling_0221.gpx,HN_Guanshanling,2.47,3.1,511.4,513.7,2.3,2023/12/2 00:00,186,TRUE,TRUE,FALSE,FALSE,0,0.357100992,-0.096444236,0.301587813,關山嶺山 (94).gpx,HN_Guanshanling
關山嶺山 - 2025-08-14T140116.122.gpx,HN_Guanshanling_0300.gpx,HN_Guanshanling,2.46,3.1,492.8,492.8,0,2023/1/13 00:00,186,TRUE,TRUE,FALSE,FALSE,0,-0.318035091,-0.147305628,0.287656129,關山嶺山 - 2025-08-14T140116.122.gpx,HN_Guanshanling
111_09_17南橫三星：關山嶺山.gpx,HN_Guanshanling_0008.gpx,HN_Guanshanling,2.42,3.1,443.4,446.4,3,2022/9/17 00:00,185,TRUE,TRUE,FALSE,FALSE,0,-2.015187676,-0.232101108,0.253770188,111_09_17南橫三星：關山嶺山.gpx,HN_Guanshanling
關山嶺山 - 2025-08-14T135830.008.gpx,HN_Guanshanling_0251.gpx,HN_Guanshanling,2.54,3.09,491.9,487.1,4.8,2023/5/28 00:00,185,TRUE,TRUE,FALSE,FALSE,0,-0.146081701,-0.358752249,0.262301845,關山嶺山 - 2025-08-14T135830.008.gpx,HN_Guanshanling
關山嶺山 - 2025-08-14T140718.543.gpx,HN_Guanshanling_0400.gpx,HN_Guanshanling,2.49,3.08,508.2,503.9,4.3,2022/5/1 00:00,185,TRUE,TRUE,FALSE,FALSE,0,0.218714624,-0.188155637,0.275777059,關山嶺山 - 2025-08-14T140718.543.gpx,HN_Guanshanling
關山嶺山 - 2025-08-14T140221.672.gpx,HN_Guanshanling_0321.gpx,HN_Guanshanling,2.6,3.06,497.8,486.5,11.3,2022/12/28 00:00,183,TRUE,TRUE,FALSE,FALSE,0,0.150960512,-0.520033774,0.227264588,關山嶺山 - 2025-08-14T140221.672.gpx,HN_Guanshanling
20230319關山嶺山.gpx,HN_Guanshanling_0058.gpx,HN_Guanshanling,2.45,3.06,492.3,485.4,6.8,2023/3/19 00:00,183,TRUE,TRUE,FALSE,FALSE,0,-0.477275624,-0.177781163,0.250664065,20230319關山嶺山.gpx,HN_Guanshanling
關山嶺山 - 2025-08-14T140455.199.gpx,HN_Guanshanling_0371.gpx,HN_Guanshanling,2.54,3.05,469.6,473.8,4.1,2022/8/7 00:00,182,TRUE,TRUE,FALSE,FALSE,0,-0.730879213,-0.462163155,0.206259009,關山嶺山 - 2025-08-14T140455.199.gpx,HN_Guanshanling
關山嶺山20230317.gpx,HN_Guanshanling_0418.gpx,HN_Guanshanling,2.5,3.05,520.7,530.9,10.1,2023/3/17 00:00,182,TRUE,TRUE,FALSE,FALSE,0,0.88583658,-0.163885709,0.256977349,關山嶺山20230317.gpx,HN_Guanshanling
2023_02_11關山嶺山.gpx,HN_Guanshanling_0064.gpx,HN_Guanshanling,2.55,3.04,495.3,492.3,3,2023/2/11 00:00,182,TRUE,TRUE,FALSE,FALSE,0,0.026408353,-0.413575682,0.216008446,2023_02_11關山嶺山.gpx,HN_Guanshanling
關山嶺山 - 2025-08-14T135843.938.gpx,HN_Guanshanling_0256.gpx,HN_Guanshanling,2.49,3.03,436.3,507.2,70.9,2023/5/1 00:00,182,TRUE,TRUE,FALSE,FALSE,0,-0.943735431,-0.352130753,0.173191511,關山嶺山 - 2025-08-14T135843.938.gpx,HN_Guanshanling
關山嶺山 (57).gpx,HN_Guanshanling_0187.gpx,HN_Guanshanling,2.44,3.03,485.6,491.1,5.5,2024/2/23 00:00,181,TRUE,TRUE,FALSE,FALSE,0,-0.536216168,-0.18262131,0.219290213,關山嶺山 (57).gpx,HN_Guanshanling
關山嶺山 - 2025-08-14T140542.888.gpx,HN_Guanshanling_0385.gpx,HN_Guanshanling,2.38,3.03,461.6,457.5,4.1,2022/7/15 00:00,181,TRUE,TRUE,FALSE,FALSE,0,-1.673748377,-0.150654744,0.209554745,關山嶺山 - 2025-08-14T140542.888.gpx,HN_Guanshanling
2022-05-01 關山嶺山（百岳、南橫三星）.gpx,HN_Guanshanling_0021.gpx,HN_Guanshanling,2.64,3.02,476,474.2,1.8,2022/5/2 00:00,181,TRUE,TRUE,FALSE,FALSE,0,-0.271573188,-0.714925278,0.164286262,2022-05-01 關山嶺山（百岳、南橫三星）.gpx,HN_Guanshanling
關山嶺山 - 2025-08-14T135744.728.gpx,HN_Guanshanling_0238.gpx,HN_Guanshanling,2.59,3.02,503.9,508.8,5,2023/7/23 00:00,180,TRUE,TRUE,FALSE,FALSE,0,0.56736991,-0.478644789,0.19741823,關山嶺山 - 2025-08-14T135744.728.gpx,HN_Guanshanling
關山嶺山 (46).gpx,HN_Guanshanling_0179.gpx,HN_Guanshanling,2.67,2.99,526.4,521.9,4.5,2024/3/25 00:00,179,TRUE,TRUE,FALSE,FALSE,0,1.427795228,-0.630765116,0.172424705,關山嶺山 (46).gpx,HN_Guanshanling
關山嶺山 (49).gpx,HN_Guanshanling_0182.gpx,HN_Guanshanling,2.54,2.99,530.8,528.1,2.7,2024/3/23 00:00,179,TRUE,TRUE,FALSE,FALSE,0,1.14983371,-0.303869821,0.200262331,關山嶺山 (49).gpx,HN_Guanshanling
關山嶺山 - 2025-08-14T135759.607.gpx,HN_Guanshanling_0243.gpx,HN_Guanshanling,2.39,2.99,491.5,483.5,8,2023/7/9 00:00,179,TRUE,TRUE,FALSE,FALSE,0,-0.728777025,-0.108175879,0.194604621,關山嶺山 - 2025-08-14T135759.607.gpx,HN_Guanshanling
關山嶺山 - 2025-08-14T140144.813.gpx,HN_Guanshanling_0308.gpx,HN_Guanshanling,2.77,2.96,530,523.1,6.9,2023/2/1 00:00,177,TRUE,TRUE,FALSE,FALSE,0,1.852356857,-0.886687757,0.128350486,關山嶺山 - 2025-08-14T140144.813.gpx,HN_Guanshanling
關山嶺山 (34).gpx,HN_Guanshanling_0170.gpx,HN_Guanshanling,2.64,2.96,548,545.6,2.4,2024/6/26 00:00,177,TRUE,TRUE,FALSE,FALSE,0,2.058699823,-0.503275379,0.167796269,關山嶺山 (34).gpx,HN_Guanshanling
關山嶺山 - 2025-08-14T140102.157.gpx,HN_Guanshanling_0295.gpx,HN_Guanshanling,2.48,2.96,472.4,463.4,9,2023/2/20 00:00,177,TRUE,TRUE,FALSE,FALSE,0,-1.054791999,-0.422792527,0.133412496,關山嶺山 - 2025-08-14T140102.157.gpx,HN_Guanshanling
關山嶺山～.gpx,HN_Guanshanling_0453.gpx,HN_Guanshanling,2.58,2.94,473.1,488,14.8,2022/8/1 00:00,176,TRUE,TRUE,FALSE,FALSE,0,-0.313231669,-0.62642662,0.098213544,關山嶺山～.gpx,HN_Guanshanling
關山嶺山 - 2025-08-14T140453.842.gpx,HN_Guanshanling_0370.gpx,HN_Guanshanling,2.54,2.94,516.3,513.7,2.6,2022/8/8 00:00,176,TRUE,TRUE,FALSE,FALSE,0,0.679321997,-0.405705472,0.140666725,關山嶺山 - 2025-08-14T140453.842.gpx,HN_Guanshanling
關山嶺山.南橫.gpx,HN_Guanshanling_0412.gpx,HN_Guanshanling,2.72,2.93,459.3,423.7,35.6,2022/7/15 00:00,175,TRUE,TRUE,FALSE,FALSE,0,-1.067718693,-1.121020877,0.047769368,關山嶺山.南橫.gpx,HN_Guanshanling
關山嶺山 (7).gpx,HN_Guanshanling_0199.gpx,HN_Guanshanling,2.7,2.93,503.8,500.4,3.3,2025/5/2 00:00,175,TRUE,TRUE,FALSE,FALSE,0,0.81310893,-0.84125521,0.091068678,關山嶺山 (7).gpx,HN_Guanshanling
關山嶺山 - 2025-08-14T140341.234.gpx,HN_Guanshanling_0345.gpx,HN_Guanshanling,2.47,2.93,519.4,532.4,13,2022/10/2 00:00,175,TRUE,TRUE,FALSE,FALSE,0,0.781971794,-0.206637133,0.14780015,關山嶺山 - 2025-08-14T140341.234.gpx,HN_Guanshanling
關山嶺山 - 2025-08-14T135749.480.gpx,HN_Guanshanling_0240.gpx,HN_Guanshanling,2.67,2.92,525.5,514.2,11.3,2023/7/16 00:00,175,TRUE,TRUE,FALSE,FALSE,0,1.291231113,-0.714722793,0.104800558,關山嶺山 - 2025-08-14T135749.480.gpx,HN_Guanshanling
關山嶺山 - 2025-08-14T135730.103.gpx,HN_Guanshanling_0235.gpx,HN_Guanshanling,2.66,2.92,463,451.6,11.4,2023/9/30 00:00,174,TRUE,TRUE,FALSE,FALSE,0,-0.776579612,-0.925757461,0.054156023,關山嶺山 - 2025-08-14T135730.103.gpx,HN_Guanshanling
關山嶺山 - 2025-08-14T135714.456.gpx,HN_Guanshanling_0230.gpx,HN_Guanshanling,2.51,2.92,476.3,521.6,45.3,2023/11/11 00:00,175,TRUE,TRUE,FALSE,FALSE,0,0.023880422,-0.406331248,0.096972953,關山嶺山 - 2025-08-14T135714.456.gpx,HN_Guanshanling
關山嶺山 - 2025-08-14T140158.494.gpx,HN_Guanshanling_0311.gpx,HN_Guanshanling,2.68,2.91,561.1,571.5,10.4,2023/1/25 00:00,174,TRUE,TRUE,FALSE,FALSE,0,2.822108751,-0.570064874,0.124869469,關山嶺山 - 2025-08-14T140158.494.gpx,HN_Guanshanling
關山嶺山 - 2025-08-14T140441.375.gpx,HN_Guanshanling_0365.gpx,HN_Guanshanling,2.52,2.91,462.7,468.4,5.7,2022/8/15 00:00,174,TRUE,TRUE,FALSE,FALSE,0,-1.002845783,-0.571225346,0.071470998,關山嶺山 - 2025-08-14T140441.375.gpx,HN_Guanshanling
關山嶺山 - 2025-08-14T140205.203.gpx,HN_Guanshanling_0312.gpx,HN_Guanshanling,2.62,2.9,558.4,539.3,19.1,2023/1/14 00:00,173,TRUE,TRUE,FALSE,FALSE,0,2.065755738,-0.508320317,0.122154549,關山嶺山 - 2025-08-14T140205.203.gpx,HN_Guanshanling
關山嶺山 (87).gpx,HN_Guanshanling_0213.gpx,HN_Guanshanling,2.46,2.9,500.2,495.2,5,2023/12/4 00:00,174,TRUE,TRUE,FALSE,FALSE,0,-0.158525715,-0.320358835,0.103819335,關山嶺山 (87).gpx,HN_Guanshanling
關山嶺山 - 2025-08-14T140058.030.gpx,HN_Guanshanling_0293.gpx,HN_Guanshanling,2.54,2.89,520.2,537.2,17,2023/2/25 00:00,173,TRUE,TRUE,FALSE,FALSE,0,1.111769264,-0.398758934,0.097876152,關山嶺山 - 2025-08-14T140058.030.gpx,HN_Guanshanling
關山嶺山 (96).gpx,HN_Guanshanling_0223.gpx,HN_Guanshanling,2.54,2.88,508.4,510.4,2,2023/11/26 00:00,172,TRUE,TRUE,FALSE,FALSE,0,0.493558189,-0.483139362,0.077440674,關山嶺山 (96).gpx,HN_Guanshanling
2022_06_11關山嶺山.gpx,HN_Guanshanling_0044.gpx,HN_Guanshanling,2.67,2.87,456.7,458.7,2,2022/6/11 00:00,171,TRUE,TRUE,FALSE,FALSE,0,-0.73807637,-0.993306994,0.000522044,2022_06_11關山嶺山.gpx,HN_Guanshanling
關山嶺山 (36).gpx,HN_Guanshanling_0172.gpx,HN_Guanshanling,2.51,2.87,444.1,438.1,6,2024/6/17 00:00,171,TRUE,TRUE,FALSE,FALSE,0,-1.825500629,-0.679379201,0.018946097,關山嶺山 (36).gpx,HN_Guanshanling
關山嶺山 - 2025-08-14T140456.560.gpx,HN_Guanshanling_0372.gpx,HN_Guanshanling,2.34,2.87,461.8,479.8,18,2022/8/7 00:00,172,TRUE,TRUE,FALSE,FALSE,0,-1.462277164,-0.162948813,0.066883443,關山嶺山 - 2025-08-14T140456.560.gpx,HN_Guanshanling
關山嶺山 - 2025-08-14T140112.070.gpx,HN_Guanshanling_0299.gpx,HN_Guanshanling,2.59,2.85,614.6,607.2,7.4,2023/2/17 00:00,170,TRUE,TRUE,FALSE,FALSE,0,3.971189159,-0.250536439,0.128277769,關山嶺山 - 2025-08-14T140112.070.gpx,HN_Guanshanling
關山嶺山 - 2025-08-14T140421.995.gpx,HN_Guanshanling_0356.gpx,HN_Guanshanling,2.58,2.85,516.5,531,14.5,2022/8/26 00:00,170,TRUE,TRUE,FALSE,FALSE,0,1.090029862,-0.55023341,0.049264643,關山嶺山 - 2025-08-14T140421.995.gpx,HN_Guanshanling
關山嶺山 - 2025-08-14T140319.562.gpx,HN_Guanshanling_0337.gpx,HN_Guanshanling,2.67,2.84,505,486.6,18.4,2022/11/12 00:00,170,TRUE,TRUE,FALSE,FALSE,0,0.512692404,-0.882338462,0.011211058,關山嶺山 - 2025-08-14T140319.562.gpx,HN_Guanshanling
20250503關山嶺山 (1).gpx,HN_Guanshanling_0086.gpx,HN_Guanshanling,2.54,2.84,468.8,475.3,6.6,2025/5/3 00:00,170,TRUE,TRUE,FALSE,FALSE,0,-0.723958246,-0.660616143,0.006557632,20250503關山嶺山 (1).gpx,HN_Guanshanling
關山嶺山 - 2025-08-14T135952.942.gpx,HN_Guanshanling_0280.gpx,HN_Guanshanling,2.52,2.84,562,571.5,9.5,2023/3/24 00:00,170,TRUE,TRUE,FALSE,FALSE,0,2.283510618,-0.257736177,0.088726689,關山嶺山 - 2025-08-14T135952.942.gpx,HN_Guanshanling
關山嶺山 (83).gpx,HN_Guanshanling_0210.gpx,HN_Guanshanling,2.45,2.84,489.4,466.6,22.8,2023/12/10 00:00,170,TRUE,TRUE,FALSE,FALSE,0,-0.823268912,-0.430757833,0.0384508,關山嶺山 (83).gpx,HN_Guanshanling
關山嶺山23-3-11.gpx,HN_Guanshanling_0421.gpx,HN_Guanshanling,2.41,2.84,442.3,450.8,8.5,2023/3/11 00:00,170,TRUE,TRUE,FALSE,FALSE,0,-2.003265308,-0.449212523,0.008460499,關山嶺山23-3-11.gpx,HN_Guanshanling
關山嶺山 20240106.gpx,HN_Guanshanling_0404.gpx,HN_Guanshanling,2.59,2.83,540.4,551.4,11,2024/1/6 00:00,169,TRUE,TRUE,FALSE,FALSE,0,1.846499277,-0.510382339,0.048274111,關山嶺山 20240106.gpx,HN_Guanshanling
關山嶺山 - 2025-08-14T140408.398.gpx,HN_Guanshanling_0351.gpx,HN_Guanshanling,2.53,2.83,534.9,521.3,13.6,2022/9/10 00:00,169,TRUE,TRUE,FALSE,FALSE,0,1.075867807,-0.439616516,0.053033148,關山嶺山 - 2025-08-14T140408.398.gpx,HN_Guanshanling
112_4_9關山嶺山.gpx,HN_Guanshanling_0014.gpx,HN_Guanshanling,2.79,2.82,494.8,482.5,12.3,2023/4/9 00:00,168,TRUE,TRUE,FALSE,FALSE,0,0.690769349,-1.210344708,-0.038071761,112_4_9關山嶺山.gpx,HN_Guanshanling
關山嶺山.Vito20221116.gpx,HN_Guanshanling_0411.gpx,HN_Guanshanling,2.53,2.81,489.7,496.3,6.7,2022/11/16 00:00,168,TRUE,TRUE,FALSE,FALSE,0,-0.077975892,-0.587018525,-0.002492487,關山嶺山.Vito20221116.gpx,HN_Guanshanling
關山嶺山 - 2025-08-14T135709.504.gpx,HN_Guanshanling_0228.gpx,HN_Guanshanling,2.51,2.81,483.2,490,6.8,2023/11/18 00:00,168,TRUE,TRUE,FALSE,FALSE,0,-0.355243231,-0.563802979,-0.00424202,關山嶺山 - 2025-08-14T135709.504.gpx,HN_Guanshanling
關山嶺山 - 2025-08-14T135711.974.gpx,HN_Guanshanling_0229.gpx,HN_Guanshanling,2.48,2.81,502.4,517.4,15.1,2023/11/11 00:00,168,TRUE,TRUE,FALSE,FALSE,0,0.29343266,-0.404283195,0.017993092,關山嶺山 - 2025-08-14T135711.974.gpx,HN_Guanshanling
20240203關山嶺山.gpx,HN_Guanshanling_0073.gpx,HN_Guanshanling,2.54,2.8,504.8,505.4,0.5,2024/2/3 00:00,168,TRUE,TRUE,FALSE,FALSE,0,0.353494101,-0.575742238,-0.001561238,20240203關山嶺山.gpx,HN_Guanshanling
關山嶺山（南橫三星之一）.gpx,HN_Guanshanling_0448.gpx,HN_Guanshanling,2.47,2.8,443,448.6,5.6,2024/4/7 00:00,168,TRUE,TRUE,FALSE,FALSE,0,-1.819128885,-0.632187087,-0.040178857,關山嶺山（南橫三星之一）.gpx,HN_Guanshanling
關山嶺山 (95).gpx,HN_Guanshanling_0222.gpx,HN_Guanshanling,2.57,2.79,480.2,482.8,2.7,2023/11/26 00:00,167,TRUE,TRUE,FALSE,FALSE,0,-0.311416868,-0.744245426,-0.037108323,關山嶺山 (95).gpx,HN_Guanshanling
關山嶺山 - 2025-08-14T135807.232.gpx,HN_Guanshanling_0245.gpx,HN_Guanshanling,2.57,2.78,489.4,488.5,0.9,2023/6/30 00:00,166,TRUE,TRUE,FALSE,FALSE,0,-0.067207436,-0.726406501,-0.039110635,關山嶺山 - 2025-08-14T135807.232.gpx,HN_Guanshanling
關山嶺山 - 2025-08-14T140541.467.gpx,HN_Guanshanling_0384.gpx,HN_Guanshanling,2.52,2.78,489.9,524.4,34.6,2022/7/15 00:00,166,TRUE,TRUE,FALSE,FALSE,0,0.329681358,-0.53436807,-0.02699619,關山嶺山 - 2025-08-14T140541.467.gpx,HN_Guanshanling
2022-6-18-關山嶺山.gpx,HN_Guanshanling_0028.gpx,HN_Guanshanling,2.54,2.77,441.3,441.1,0.2,2022/6/18 00:00,166,TRUE,TRUE,FALSE,FALSE,0,-1.72365023,-0.844141015,-0.083397238,2022-6-18-關山嶺山.gpx,HN_Guanshanling
關山嶺山 - 2025-08-14T135816.018.gpx,HN_Guanshanling_0248.gpx,HN_Guanshanling,2.49,2.77,513.7,504.7,9,2023/6/19 00:00,166,TRUE,TRUE,FALSE,FALSE,0,0.319564309,-0.472560295,-0.013971661,關山嶺山 - 2025-08-14T135816.018.gpx,HN_Guanshanling
關山嶺山 (1).gpx,HN_Guanshanling_0154.gpx,HN_Guanshanling,2.46,2.77,469.5,472.5,3.1,2025/5/31 00:00,166,TRUE,TRUE,FALSE,FALSE,0,-1.033313091,-0.5430913,-0.044713706,關山嶺山 (1).gpx,HN_Guanshanling
關山嶺山 - 2025-08-14T135917.561.gpx,HN_Guanshanling_0268.gpx,HN_Guanshanling,2.37,2.77,416.8,484.5,67.7,2023/4/9 00:00,166,TRUE,TRUE,FALSE,FALSE,0,-2.0459788,-0.396466131,-0.067850921,關山嶺山 - 2025-08-14T135917.561.gpx,HN_Guanshanling
關山嶺山 - 2025-08-14T140322.519.gpx,HN_Guanshanling_0338.gpx,HN_Guanshanling,2.58,2.76,468,469.2,1.2,2022/11/6 00:00,165,TRUE,TRUE,FALSE,FALSE,0,-0.695773432,-0.845045986,-0.077753704,關山嶺山 - 2025-08-14T140322.519.gpx,HN_Guanshanling
2922.97.30 關山嶺山.gpx,HN_Guanshanling_0095.gpx,HN_Guanshanling,2.47,2.75,474.2,474.9,0.7,2022/7/30 00:00,165,TRUE,TRUE,FALSE,FALSE,0,-0.882223028,-0.572808247,-0.061744378,2922.97.30 關山嶺山.gpx,HN_Guanshanling
【關山嶺山】.gpx,HN_Guanshanling_0101.gpx,HN_Guanshanling,2.43,2.75,451.2,446.2,5,2023/7/12 00:00,165,TRUE,TRUE,FALSE,FALSE,0,-1.857185619,-0.576325209,-0.074064439,【關山嶺山】.gpx,HN_Guanshanling
關山嶺山 - 2025-08-14T140619.358.gpx,HN_Guanshanling_0389.gpx,HN_Guanshanling,2.45,2.74,496.9,494.7,2.2,2022/6/18 00:00,164,TRUE,TRUE,FALSE,FALSE,0,-0.258884406,-0.455922141,-0.048673224,關山嶺山 - 2025-08-14T140619.358.gpx,HN_Guanshanling
關山嶺山 - 2025-08-14T140147.585.gpx,HN_Guanshanling_0309.gpx,HN_Guanshanling,2.61,2.73,510.9,510.9,0,2023/1/28 00:00,164,TRUE,TRUE,FALSE,FALSE,0,0.783239323,-0.785957738,-0.075809366,關山嶺山 - 2025-08-14T140147.585.gpx,HN_Guanshanling
關山嶺山（去程有點走偏）.gpx,HN_Guanshanling_0449.gpx,HN_Guanshanling,2.57,2.73,484.6,484.4,0.2,2025/5/10 00:00,163,TRUE,TRUE,FALSE,FALSE,0,-0.213020182,-0.790635828,-0.090518908,關山嶺山（去程有點走偏）.gpx,HN_Guanshanling
關山嶺山 - 2025-08-14T140323.830.gpx,HN_Guanshanling_0339.gpx,HN_Guanshanling,2.54,2.73,483.6,483.2,0.4,2022/11/6 00:00,163,TRUE,TRUE,FALSE,FALSE,0,-0.352299407,-0.724012738,-0.085829995,關山嶺山 - 2025-08-14T140323.830.gpx,HN_Guanshanling
關山嶺山.gpx,HN_Guanshanling_0410.gpx,HN_Guanshanling,2.51,2.73,520.4,519.6,0.7,2025/5/31 00:00,163,TRUE,TRUE,FALSE,FALSE,0,0.734066479,-0.516017492,-0.049411966,關山嶺山.gpx,HN_Guanshanling
???????雪兒 關山嶺山.gpx,HN_Guanshanling_0098.gpx,HN_Guanshanling,2.49,2.73,445.3,428.7,16.6,2022/7/16 00:00,164,TRUE,TRUE,FALSE,FALSE,0,-2.023307952,-0.782736244,-0.109879655,???????雪兒 關山嶺山.gpx,HN_Guanshanling
關山嶺山 - 2025-08-14T140427.499.gpx,HN_Guanshanling_0359.gpx,HN_Guanshanling,2.65,2.72,479.1,492.5,13.4,2022/8/22 00:00,163,TRUE,TRUE,FALSE,FALSE,0,0.097031608,-0.981811831,-0.118459027,關山嶺山 - 2025-08-14T140427.499.gpx,HN_Guanshanling
20240204關山嶺山 (1).gpx,HN_Guanshanling_0074.gpx,HN_Guanshanling,2.63,2.72,482.7,490.1,7.4,2024/2/4 00:00,163,TRUE,TRUE,FALSE,FALSE,0,0.051167532,-0.933357309,-0.112157283,20240204關山嶺山 (1).gpx,HN_Guanshanling
關山嶺山 - 2025-08-14T140420.604.gpx,HN_Guanshanling_0355.gpx,HN_Guanshanling,2.57,2.71,603,590,13,2022/8/27 00:00,162,TRUE,TRUE,FALSE,FALSE,0,3.435450605,-0.391706838,-0.010949905,關山嶺山 - 2025-08-14T140420.604.gpx,HN_Guanshanling
20240204關山嶺山.gpx,HN_Guanshanling_0075.gpx,HN_Guanshanling,2.47,2.71,523,519.3,3.7,2024/2/4 00:00,162,TRUE,TRUE,FALSE,FALSE,0,0.634769484,-0.436865129,-0.059010188,20240204關山嶺山.gpx,HN_Guanshanling
關山嶺山 (58).gpx,HN_Guanshanling_0188.gpx,HN_Guanshanling,2.34,2.71,433.6,423.8,9.8,2024/2/17 00:00,162,TRUE,TRUE,FALSE,FALSE,0,-2.815859787,-0.477905316,-0.110490527,關山嶺山 (58).gpx,HN_Guanshanling
20250503關山嶺山 (2).gpx,HN_Guanshanling_0087.gpx,HN_Guanshanling,2.57,2.7,499.5,483.3,16.3,2025/5/3 00:00,162,TRUE,TRUE,FALSE,FALSE,0,0.020790093,-0.795970635,-0.107572552,20250503關山嶺山 (2).gpx,HN_Guanshanling
關山嶺山 - 2025-08-14T135903.164.gpx,HN_Guanshanling_0263.gpx,HN_Guanshanling,2.8,2.69,574.4,572.4,2,2023/4/16 00:00,161,TRUE,TRUE,FALSE,FALSE,0,3.472026787,-1.038267933,-0.095666958,關山嶺山 - 2025-08-14T135903.164.gpx,HN_Guanshanling
2022-0603_南橫二星-關山嶺山.gpx,HN_Guanshanling_0023.gpx,HN_Guanshanling,2.47,2.69,456.8,456.9,0.1,2022/6/3 00:00,161,TRUE,TRUE,FALSE,FALSE,0,-1.458092228,-0.696479369,-0.133309077,2022-0603_南橫二星-關山嶺山.gpx,HN_Guanshanling
關山嶺山 - 2025-08-14T140428.867.gpx,HN_Guanshanling_0360.gpx,HN_Guanshanling,2.56,2.68,490.1,499.3,9.2,2022/8/22 00:00,160,TRUE,TRUE,FALSE,FALSE,0,0.077442175,-0.774895599,-0.130826284,關山嶺山 - 2025-08-14T140428.867.gpx,HN_Guanshanling
關山嶺山 - 2025-08-14T140257.217.gpx,HN_Guanshanling_0333.gpx,HN_Guanshanling,2.48,2.68,535.8,545.3,9.5,2022/12/3 00:00,160,TRUE,TRUE,FALSE,FALSE,0,1.291321809,-0.414121133,-0.077648197,關山嶺山 - 2025-08-14T140257.217.gpx,HN_Guanshanling
關山嶺山 - 2025-08-14T135742.173.gpx,HN_Guanshanling_0236.gpx,HN_Guanshanling,2.54,2.67,525.2,526.5,1.3,2023/7/23 00:00,160,TRUE,TRUE,FALSE,FALSE,0,1.025709155,-0.621696456,-0.107689113,關山嶺山 - 2025-08-14T135742.173.gpx,HN_Guanshanling
關山嶺山 (26).gpx,HN_Guanshanling_0165.gpx,HN_Guanshanling,2.6,2.66,460,488.9,28.9,2024/7/7 00:00,159,TRUE,TRUE,FALSE,FALSE,0,-0.455164975,-0.96105597,-0.181096292,關山嶺山 (26).gpx,HN_Guanshanling
關山嶺山 (20).gpx,HN_Guanshanling_0161.gpx,HN_Guanshanling,2.6,2.65,469.8,472.3,2.5,2024/7/20 00:00,159,TRUE,TRUE,FALSE,FALSE,0,-0.549427325,-0.987667972,-0.184184143,關山嶺山 (20).gpx,HN_Guanshanling
關山嶺山 (27).gpx,HN_Guanshanling_0166.gpx,HN_Guanshanling,2.75,2.64,534.8,533.6,1.2,2024/7/7 00:00,158,TRUE,TRUE,FALSE,FALSE,0,2.023784581,-1.114851376,-0.167054408,關山嶺山 (27).gpx,HN_Guanshanling
5_3關山嶺山.gpx,HN_Guanshanling_0096.gpx,HN_Guanshanling,2.63,2.64,515.6,515.2,0.5,2025/5/3 00:00,158,TRUE,TRUE,FALSE,FALSE,0,0.997569924,-0.90210811,-0.160952086,5_3關山嶺山.gpx,HN_Guanshanling
南橫三星 Day1 關山嶺山.gpx,HN_Guanshanling_0107.gpx,HN_Guanshanling,2.6,2.64,449,442,7,2025/6/28 00:00,158,TRUE,TRUE,FALSE,FALSE,0,-1.374226262,-1.094589055,-0.211795746,南橫三星 Day1 關山嶺山.gpx,HN_Guanshanling
2023-06-19 關山嶺山（百岳、單登）.gpx,HN_Guanshanling_0049.gpx,HN_Guanshanling,2.56,2.63,457.3,455.2,2,2023/6/19 00:00,157,TRUE,TRUE,FALSE,FALSE,0,-1.166157436,-0.968619522,-0.206580759,2023-06-19 關山嶺山（百岳、單登）.gpx,HN_Guanshanling
20250525關山嶺山.gpx,HN_Guanshanling_0090.gpx,HN_Guanshanling,2.24,2.63,467.5,459.7,7.8,2025/5/25 00:00,157,TRUE,TRUE,FALSE,FALSE,0,-2.029240575,-0.186980379,-0.139290202,20250525關山嶺山.gpx,HN_Guanshanling
關山嶺山 (71).gpx,HN_Guanshanling_0200.gpx,HN_Guanshanling,2.57,2.62,575.5,571.5,4,2024/1/20 00:00,157,TRUE,TRUE,FALSE,FALSE,0,2.680894972,-0.562274944,-0.118785502,關山嶺山 (71).gpx,HN_Guanshanling
關山嶺山 - 2025-08-14T140641.396.gpx,HN_Guanshanling_0393.gpx,HN_Guanshanling,2.68,2.61,518.4,513.2,5.2,2022/5/29 00:00,156,TRUE,TRUE,FALSE,FALSE,0,1.185865975,-1.047956263,-0.196627095,關山嶺山 - 2025-08-14T140641.396.gpx,HN_Guanshanling
240213關山嶺山.gpx,HN_Guanshanling_0094.gpx,HN_Guanshanling,2.64,2.61,502.4,498.8,3.6,2024/2/13 00:00,156,TRUE,TRUE,FALSE,FALSE,0,0.552568319,-1.010330317,-0.20256216,240213關山嶺山.gpx,HN_Guanshanling
"南橫二星-關山嶺山 (by Simon's Garmin Fenix 7X, 2022.08.28).gpx",HN_Guanshanling_0128.gpx,HN_Guanshanling,2.53,2.61,440.8,421.4,19.4,2022/8/28 00:00,156,TRUE,TRUE,FALSE,FALSE,0,-2.07689597,-1.014068074,-0.235065395,"南橫二星-關山嶺山 (by Simon's Garmin Fenix 7X, 2022.08.28).gpx",HN_Guanshanling
關山嶺山 - 2025-08-14T140630.472.gpx,HN_Guanshanling_0391.gpx,HN_Guanshanling,2.79,2.6,476.7,481.9,5.2,2022/6/10 00:00,155,TRUE,TRUE,FALSE,FALSE,0,0.372780472,-1.452218741,-0.260731247,關山嶺山 - 2025-08-14T140630.472.gpx,HN_Guanshanling
關山嶺山 - 2025-08-14T135918.831.gpx,HN_Guanshanling_0269.gpx,HN_Guanshanling,2.45,2.6,514.8,517.8,3,2023/4/8 00:00,156,TRUE,TRUE,FALSE,FALSE,0,0.402263183,-0.511606826,-0.166073378,關山嶺山 - 2025-08-14T135918.831.gpx,HN_Guanshanling
關山嶺山 - 2025-08-14T140206.517.gpx,HN_Guanshanling_0313.gpx,HN_Guanshanling,2.42,2.6,447.2,435.2,12,2023/1/8 00:00,156,TRUE,TRUE,FALSE,FALSE,0,-2.133350194,-0.724969211,-0.21833981,關山嶺山 - 2025-08-14T140206.517.gpx,HN_Guanshanling
關山嶺山20231129.gpx,HN_Guanshanling_0419.gpx,HN_Guanshanling,2.39,2.59,429.8,426.9,3,2023/11/29 00:00,155,TRUE,TRUE,FALSE,FALSE,0,-2.660512445,-0.710423691,-0.236262715,關山嶺山20231129.gpx,HN_Guanshanling
關山嶺山 (42).gpx,HN_Guanshanling_0176.gpx,HN_Guanshanling,2.56,2.58,572.6,568.7,3.9,2024/4/13 00:00,154,TRUE,TRUE,FALSE,FALSE,0,2.553062204,-0.587476847,-0.157307152,關山嶺山 (42).gpx,HN_Guanshanling
關山嶺山 - 2025-08-14T140008.627.gpx,HN_Guanshanling_0282.gpx,HN_Guanshanling,2.58,2.56,473.3,473.5,0.2,2023/3/18 00:00,153,TRUE,TRUE,FALSE,FALSE,0,-0.542000566,-1.017818411,-0.263076374,關山嶺山 - 2025-08-14T140008.627.gpx,HN_Guanshanling
20250406關山嶺山.gpx,HN_Guanshanling_0085.gpx,HN_Guanshanling,2.66,2.55,491.7,487.5,4.2,2025/4/6 00:00,152,TRUE,TRUE,FALSE,FALSE,0,0.263594324,-1.156058955,-0.272195492,20250406關山嶺山.gpx,HN_Guanshanling
關山嶺山 (13).gpx,HN_Guanshanling_0157.gpx,HN_Guanshanling,2.49,2.55,473.4,461.2,12.2,2025/4/5 00:00,153,TRUE,TRUE,FALSE,FALSE,0,-1.043669419,-0.839916771,-0.256710563,關山嶺山 (13).gpx,HN_Guanshanling
關山嶺山 - 2025-08-14T135819.870.gpx,HN_Guanshanling_0249.gpx,HN_Guanshanling,2.48,2.55,440.4,490.9,50.5,2023/6/11 00:00,153,TRUE,TRUE,FALSE,FALSE,0,-1.1708196,-0.81223103,-0.278223431,關山嶺山 - 2025-08-14T135819.870.gpx,HN_Guanshanling
關山嶺山 - 2025-08-14T140100.793.gpx,HN_Guanshanling_0294.gpx,HN_Guanshanling,2.47,2.55,463.5,463.9,0.3,2023/2/22 00:00,152,TRUE,TRUE,FALSE,FALSE,0,-1.237622599,-0.804165828,-0.260454652,關山嶺山 - 2025-08-14T140100.793.gpx,HN_Guanshanling
1140525關山嶺山.gpx,HN_Guanshanling_0017.gpx,HN_Guanshanling,2.68,2.54,469.2,475.6,6.4,2025/5/25 00:00,152,TRUE,TRUE,FALSE,FALSE,0,-0.233163661,-1.275553037,-0.303534668,1140525關山嶺山.gpx,HN_Guanshanling
關山嶺山 (南橫三星).gpx,HN_Guanshanling_0227.gpx,HN_Guanshanling,2.54,2.54,450.5,463,12.5,2022/6/27 00:00,152,TRUE,TRUE,FALSE,FALSE,0,-1.229371439,-1.002937914,-0.292949575,關山嶺山 (南橫三星).gpx,HN_Guanshanling
關山嶺山 (61).gpx,HN_Guanshanling_0190.gpx,HN_Guanshanling,2.52,2.54,534.5,532.2,2.2,2024/2/13 00:00,152,TRUE,TRUE,FALSE,FALSE,0,1.200779179,-0.670865912,-0.219741753,關山嶺山 (61).gpx,HN_Guanshanling
2022-05-01 台東海端鄉 南橫三星 _ 關山嶺山.gpx,HN_Guanshanling_0020.gpx,HN_Guanshanling,2.47,2.54,414,426.6,12.6,2022/5/1 00:00,152,TRUE,TRUE,FALSE,FALSE,0,-2.656160185,-0.974480541,-0.31066131,2022-05-01 台東海端鄉 南橫三星 _ 關山嶺山.gpx,HN_Guanshanling
關山嶺山 - 2025-08-14T140433.061.gpx,HN_Guanshanling_0362.gpx,HN_Guanshanling,2.66,2.52,470.9,478.9,8,2022/8/21 00:00,151,TRUE,TRUE,FALSE,FALSE,0,-0.2222754,-1.237787095,-0.317271386,關山嶺山 - 2025-08-14T140433.061.gpx,HN_Guanshanling
關山嶺山 - 2025-08-14T140417.931.gpx,HN_Guanshanling_0354.gpx,HN_Guanshanling,2.58,2.52,506.7,504.7,1.9,2022/6/18 00:00,150,TRUE,TRUE,FALSE,FALSE,0,0.508772036,-0.93515093,-0.273121822,關山嶺山 - 2025-08-14T140417.931.gpx,HN_Guanshanling
2022_06_24關山嶺山.gpx,HN_Guanshanling_0045.gpx,HN_Guanshanling,2.53,2.51,484.3,485.5,1.2,2022/6/24 00:00,150,TRUE,TRUE,FALSE,FALSE,0,-0.342252855,-0.904203783,-0.291957994,2022_06_24關山嶺山.gpx,HN_Guanshanling
關山嶺山20220803.gpx,HN_Guanshanling_0416.gpx,HN_Guanshanling,2.38,2.5,479.4,478.4,1,2022/8/3 00:00,150,TRUE,TRUE,FALSE,FALSE,0,-1.054300983,-0.582691102,-0.277997939,關山嶺山20220803.gpx,HN_Guanshanling
關山嶺山 - 2025-08-14T140349.519.gpx,HN_Guanshanling_0347.gpx,HN_Guanshanling,2.7,2.49,593.9,634.1,40.2,2022/9/23 00:00,149,TRUE,TRUE,FALSE,FALSE,-1,4.417224896,-0.833739421,-0.247591486,關山嶺山 - 2025-08-14T140349.519.gpx,HN_Guanshanling
關山嶺山 - 2025-08-14T135907.068.gpx,HN_Guanshanling_0264.gpx,HN_Guanshanling,2.61,2.49,504.6,490.4,14.2,2023/4/15 00:00,149,TRUE,TRUE,FALSE,FALSE,0,0.353007949,-1.06728142,-0.309730231,關山嶺山 - 2025-08-14T135907.068.gpx,HN_Guanshanling
關山嶺山 (55).gpx,HN_Guanshanling_0186.gpx,HN_Guanshanling,2.75,2.48,554,563,9,2024/2/24 00:00,148,TRUE,TRUE,FALSE,FALSE,0,2.80506392,-1.174524442,-0.301986242,關山嶺山 (55).gpx,HN_Guanshanling
關山嶺山 (5).gpx,HN_Guanshanling_0183.gpx,HN_Guanshanling,2.56,2.48,476.6,475.7,1,2025/5/19 00:00,148,TRUE,TRUE,FALSE,FALSE,0,-0.522172518,-1.036741159,-0.332568069,關山嶺山 (5).gpx,HN_Guanshanling
關山嶺山 (29).gpx,HN_Guanshanling_0167.gpx,HN_Guanshanling,2.43,2.47,502.8,503.8,1,2024/7/5 00:00,147,TRUE,TRUE,FALSE,FALSE,0,-0.090058373,-0.637405223,-0.295901895,關山嶺山 (29).gpx,HN_Guanshanling
關山嶺山 - 2025-08-14T140629.071.gpx,HN_Guanshanling_0390.gpx,HN_Guanshanling,2.65,2.46,491.3,494,2.7,2022/5/30 00:00,147,TRUE,TRUE,FALSE,FALSE,0,0.322607326,-1.205669274,-0.355571778,關山嶺山 - 2025-08-14T140629.071.gpx,HN_Guanshanling
關山嶺山 20230619.gpx,HN_Guanshanling_0403.gpx,HN_Guanshanling,2.65,2.46,504.1,517.3,13.2,2023/6/19 00:00,147,TRUE,TRUE,FALSE,FALSE,0,0.902836785,-1.136245798,-0.344094064,關山嶺山 20230619.gpx,HN_Guanshanling
20240217_關山嶺山_獨攀單攻.gpx,HN_Guanshanling_0077.gpx,HN_Guanshanling,2.58,2.46,473.7,493.7,20,2024/2/17 00:00,147,TRUE,TRUE,FALSE,FALSE,0,-0.220922778,-1.071244849,-0.356218232,20240217_關山嶺山_獨攀單攻.gpx,HN_Guanshanling
關山嶺山 (65).gpx,HN_Guanshanling_0194.gpx,HN_Guanshanling,2.51,2.46,517.4,514.1,3.4,2024/2/10 00:00,147,TRUE,TRUE,FALSE,FALSE,0,0.593572433,-0.78969485,-0.308205168,關山嶺山 (65).gpx,HN_Guanshanling
南橫-關山嶺山.gpx,HN_Guanshanling_0105.gpx,HN_Guanshanling,2.46,2.46,504.1,502.6,1.5,2024/2/10 00:00,147,TRUE,TRUE,FALSE,FALSE,0,0.016622064,-0.717939968,-0.310011476,南橫-關山嶺山.gpx,HN_Guanshanling
關山嶺山 - 2025-08-14T135928.262.gpx,HN_Guanshanling_0272.gpx,HN_Guanshanling,2.5,2.45,491.7,490.4,1.3,2023/4/4 00:00,146,TRUE,TRUE,FALSE,FALSE,0,-0.245290587,-0.867948236,-0.337285916,關山嶺山 - 2025-08-14T135928.262.gpx,HN_Guanshanling
關山嶺山 - 2025-08-14T140618.014.gpx,HN_Guanshanling_0388.gpx,HN_Guanshanling,2.57,2.43,463.9,470.3,6.4,2022/6/18 00:00,145,TRUE,TRUE,FALSE,FALSE,0,-0.787071329,-1.140735888,-0.3919999,關山嶺山 - 2025-08-14T140618.014.gpx,HN_Guanshanling
關山嶺山 (53).gpx,HN_Guanshanling_0185.gpx,HN_Guanshanling,2.39,2.4,476.7,513.7,37.1,2024/2/25 00:00,143,TRUE,TRUE,FALSE,FALSE,0,-0.514941911,-0.634222522,-0.37432739,關山嶺山 (53).gpx,HN_Guanshanling
1120115關山嶺山.gpx,HN_Guanshanling_0010.gpx,HN_Guanshanling,2.59,2.39,468.6,455.5,13.2,2023/1/15 00:00,143,TRUE,TRUE,FALSE,FALSE,0,-0.870593907,-1.248185019,-0.431042273,1120115關山嶺山.gpx,HN_Guanshanling
關山嶺山 - 2025-08-14T135800.888.gpx,HN_Guanshanling_0244.gpx,HN_Guanshanling,2.39,2.39,478.5,466,12.5,2023/7/9 00:00,143,TRUE,TRUE,FALSE,FALSE,0,-1.230364249,-0.737950157,-0.385736613,關山嶺山 - 2025-08-14T135800.888.gpx,HN_Guanshanling
關山嶺山_3176m.gpx,HN_Guanshanling_0424.gpx,HN_Guanshanling,2.65,2.38,463.4,457,6.4,2024/6/30 00:00,142,TRUE,TRUE,FALSE,FALSE,0,-0.727748829,-1.405119548,-0.455514327,關山嶺山_3176m.gpx,HN_Guanshanling
關山嶺山 - 2025-08-14T140236.843.gpx,HN_Guanshanling_0325.gpx,HN_Guanshanling,2.63,2.38,539.2,530.2,9,2022/12/16 00:00,142,TRUE,TRUE,FALSE,FALSE,0,1.626555037,-1.078923836,-0.388345799,關山嶺山 - 2025-08-14T140236.843.gpx,HN_Guanshanling
關山嶺山 (33).gpx,HN_Guanshanling_0169.gpx,HN_Guanshanling,2.58,2.37,564.4,561.5,2.9,2024/6/29 00:00,142,TRUE,TRUE,FALSE,FALSE,0,2.3682053,-0.863524723,-0.367008032,關山嶺山 (33).gpx,HN_Guanshanling
關山嶺山 (69).gpx,HN_Guanshanling_0198.gpx,HN_Guanshanling,2.57,2.36,495.1,507.9,12.8,2024/2/3 00:00,141,TRUE,TRUE,FALSE,FALSE,0,0.326189446,-1.077373477,-0.431751534,關山嶺山 (69).gpx,HN_Guanshanling
關山嶺山 (68).gpx,HN_Guanshanling_0197.gpx,HN_Guanshanling,2.53,2.36,511.8,508.4,3.3,2024/2/5 00:00,141,TRUE,TRUE,FALSE,FALSE,0,0.477624534,-0.953397209,-0.411461813,關山嶺山 (68).gpx,HN_Guanshanling
高雄桃源-南橫三星-關山嶺山.gpx,HN_Guanshanling_0457.gpx,HN_Guanshanling,2.5,2.36,481.8,483.8,2.1,2022/9/30 00:00,141,TRUE,TRUE,FALSE,FALSE,0,-0.516823009,-0.984126726,-0.430737319,高雄桃源-南橫三星-關山嶺山.gpx,HN_Guanshanling
20220518關山嶺山 (1).gpx,HN_Guanshanling_0033.gpx,HN_Guanshanling,2.64,2.34,527.7,525,2.7,2022/5/18 00:00,140,TRUE,TRUE,FALSE,FALSE,0,1.385176856,-1.17092636,-0.437354122,20220518關山嶺山 (1).gpx,HN_Guanshanling
關山嶺山 - 2025-08-14T140444.199.gpx,HN_Guanshanling_0366.gpx,HN_Guanshanling,2.42,2.34,465,438.8,26.1,2022/8/15 00:00,140,TRUE,TRUE,FALSE,FALSE,0,-1.780446751,-0.934959975,-0.450992815,關山嶺山 - 2025-08-14T140444.199.gpx,HN_Guanshanling
關山嶺山 - 2025-08-14T140310.114.gpx,HN_Guanshanling_0335.gpx,HN_Guanshanling,2.45,2.33,481.8,484.8,3,2022/11/25 00:00,139,TRUE,TRUE,FALSE,FALSE,0,-0.674366011,-0.89270961,-0.449885919,關山嶺山 - 2025-08-14T140310.114.gpx,HN_Guanshanling
關山嶺山 - 2025-08-14T140438.666.gpx,HN_Guanshanling_0364.gpx,HN_Guanshanling,2.46,2.32,491.7,511.7,20,2022/8/19 00:00,139,TRUE,TRUE,FALSE,FALSE,0,-0.052394066,-0.854032112,-0.451725095,關山嶺山 - 2025-08-14T140438.666.gpx,HN_Guanshanling
關山嶺山 - 2025-08-14T140218.987.gpx,HN_Guanshanling_0319.gpx,HN_Guanshanling,2.44,2.32,474,481.4,7.4,2022/12/28 00:00,139,TRUE,TRUE,FALSE,FALSE,0,-0.893833301,-0.898929305,-0.463768357,關山嶺山 - 2025-08-14T140218.987.gpx,HN_Guanshanling
2023.11.10 關山嶺山.gpx,HN_Guanshanling_0050.gpx,HN_Guanshanling,2.36,2.32,493.6,472,21.6,2023/11/10 00:00,139,TRUE,TRUE,FALSE,FALSE,0,-0.98641297,-0.6958039,-0.434541648,2023.11.10 關山嶺山.gpx,HN_Guanshanling
關山嶺山 - 2025-08-14T140007.330.gpx,HN_Guanshanling_0281.gpx,HN_Guanshanling,2.7,2.31,491.7,478,13.7,2023/3/18 00:00,138,TRUE,TRUE,FALSE,FALSE,0,0.249823431,-1.498543303,-0.507889725,關山嶺山 - 2025-08-14T140007.330.gpx,HN_Guanshanling
關山嶺山 - 2025-08-14T135910.981.gpx,HN_Guanshanling_0266.gpx,HN_Guanshanling,2.49,2.3,467,463.6,3.4,2023/4/12 00:00,138,TRUE,TRUE,FALSE,FALSE,0,-1.117756358,-1.084240805,-0.498604267,關山嶺山 - 2025-08-14T135910.981.gpx,HN_Guanshanling
"南橫三星-關山嶺山(20240207,含休息24分鐘).gpx",HN_Guanshanling_0112.gpx,HN_Guanshanling,2.43,2.3,481.1,481.1,0,2024/2/7 00:00,137,TRUE,TRUE,FALSE,FALSE,0,-0.813547005,-0.882857257,-0.475442533,"南橫三星-關山嶺山(20240207,含休息24分鐘).gpx",HN_Guanshanling
關山嶺山 (84).gpx,HN_Guanshanling_0211.gpx,HN_Guanshanling,2.7,2.29,486.3,471.8,14.5,2023/12/11 00:00,137,TRUE,TRUE,FALSE,FALSE,0,0.061490618,-1.539490311,-0.531450364,關山嶺山 (84).gpx,HN_Guanshanling
關山嶺山 - 2025-08-14T135755.851.gpx,HN_Guanshanling_0241.gpx,HN_Guanshanling,2.48,2.29,459.1,484.4,25.2,2023/7/12 00:00,137,TRUE,TRUE,FALSE,FALSE,0,-0.960613273,-1.041279067,-0.510884117,關山嶺山 - 2025-08-14T135755.851.gpx,HN_Guanshanling
關山嶺山 - 2025-08-14T140021.755.gpx,HN_Guanshanling_0286.gpx,HN_Guanshanling,2.55,2.28,570.1,545.4,24.7,2023/3/12 00:00,136,TRUE,TRUE,FALSE,FALSE,0,2.107772523,-0.901597066,-0.443558683,關山嶺山 - 2025-08-14T140021.755.gpx,HN_Guanshanling
關山嶺山 - 2025-08-14T135909.638.gpx,HN_Guanshanling_0265.gpx,HN_Guanshanling,2.5,2.27,452.4,438,14.4,2023/4/12 00:00,135,TRUE,TRUE,FALSE,FALSE,0,-1.730198742,-1.213621153,-0.541931374,關山嶺山 - 2025-08-14T135909.638.gpx,HN_Guanshanling
關山嶺山 - 2025-08-14T135722.333.gpx,HN_Guanshanling_0232.gpx,HN_Guanshanling,2.37,2.27,434.4,426.2,8.2,2023/10/21 00:00,136,TRUE,TRUE,FALSE,FALSE,0,-2.667539739,-0.961770457,-0.532599027,關山嶺山 - 2025-08-14T135722.333.gpx,HN_Guanshanling
關山嶺山 (85).gpx,HN_Guanshanling_0212.gpx,HN_Guanshanling,2.36,2.27,472.4,502.4,30,2023/11/25 00:00,136,TRUE,TRUE,FALSE,FALSE,0,-0.86966741,-0.717742697,-0.496189252,關山嶺山 (85).gpx,HN_Guanshanling
【百岳】南橫三星-關山嶺山.gpx,HN_Guanshanling_0100.gpx,HN_Guanshanling,2.66,2.26,431.1,424.1,7,2022/8/27 00:00,135,TRUE,TRUE,FALSE,FALSE,0,-1.754291445,-1.665455108,-0.598350197,【百岳】南橫三星-關山嶺山.gpx,HN_Guanshanling
111.5.6關山嶺山.gpx,HN_Guanshanling_0004.gpx,HN_Guanshanling,2.49,2.25,407.7,413.7,6,2022/5/6 00:00,134,TRUE,TRUE,FALSE,FALSE,0,-2.899210958,-1.335145973,-0.595175728,111.5.6關山嶺山.gpx,HN_Guanshanling
關山嶺山3176m.gpx,HN_Guanshanling_0422.gpx,HN_Guanshanling,2.62,2.23,533.6,531.2,2.5,2024/11/25 00:00,133,TRUE,TRUE,FALSE,FALSE,0,1.510976123,-1.205833776,-0.533020868,關山嶺山3176m.gpx,HN_Guanshanling
關山嶺山 (51).gpx,HN_Guanshanling_0184.gpx,HN_Guanshanling,2.44,2.23,495.5,496.5,1,2024/3/3 00:00,133,TRUE,TRUE,FALSE,FALSE,0,-0.296271953,-0.917114669,-0.531524476,關山嶺山 (51).gpx,HN_Guanshanling
一日二星 關山嶺山.gpx,HN_Guanshanling_0102.gpx,HN_Guanshanling,2.43,2.23,435.6,416.8,18.8,2022/7/31 00:00,133,TRUE,TRUE,FALSE,FALSE,0,-2.587517232,-1.158572716,-0.581352928,一日二星 關山嶺山.gpx,HN_Guanshanling
關山嶺山 - 2025-08-14T140019.253.gpx,HN_Guanshanling_0285.gpx,HN_Guanshanling,2.47,2.22,470,468.1,1.9,2023/3/11 00:00,133,TRUE,TRUE,FALSE,FALSE,0,-1.067036892,-1.098986449,-0.568167436,關山嶺山 - 2025-08-14T140019.253.gpx,HN_Guanshanling
關山嶺山 - 2025-08-14T135923.062.gpx,HN_Guanshanling_0271.gpx,HN_Guanshanling,2.42,2.22,446.4,444.4,2,2023/4/4 00:00,133,TRUE,TRUE,FALSE,FALSE,0,-2.008512324,-1.069739539,-0.578755162,關山嶺山 - 2025-08-14T135923.062.gpx,HN_Guanshanling
關山嶺山 (82).gpx,HN_Guanshanling_0209.gpx,HN_Guanshanling,2.39,2.22,498.4,487.3,11,2023/12/16 00:00,133,TRUE,TRUE,FALSE,FALSE,0,-0.564036899,-0.822474672,-0.530176585,關山嶺山 (82).gpx,HN_Guanshanling
關山嶺山 - 2025-08-14T140534.016.gpx,HN_Guanshanling_0382.gpx,HN_Guanshanling,2.73,2.21,405.9,395.2,10.7,2022/7/18 00:00,132,TRUE,TRUE,FALSE,FALSE,0,-2.390192408,-1.98033127,-0.680127628,關山嶺山 - 2025-08-14T140534.016.gpx,HN_Guanshanling
關山嶺山 (2).gpx,HN_Guanshanling_0160.gpx,HN_Guanshanling,2.54,2.19,478.9,483.1,4.2,2025/5/31 00:00,131,TRUE,TRUE,FALSE,FALSE,0,-0.44095958,-1.24691354,-0.601658411,關山嶺山 (2).gpx,HN_Guanshanling
[南橫三星]關山嶺山.gpx,HN_Guanshanling_0097.gpx,HN_Guanshanling,2.45,2.17,448.5,443.5,5,2022/5/6 00:00,130,TRUE,TRUE,FALSE,FALSE,0,-1.884218824,-1.186415783,-0.630168436,[南橫三星]關山嶺山.gpx,HN_Guanshanling
關山嶺山 - 2025-08-14T135951.670.gpx,HN_Guanshanling_0279.gpx,HN_Guanshanling,2.59,2.14,508.2,500.9,7.3,2023/3/25 00:00,128,TRUE,TRUE,FALSE,FALSE,0,0.503753166,-1.326090597,-0.634515152,關山嶺山 - 2025-08-14T135951.670.gpx,HN_Guanshanling
關山嶺山 - 2025-08-14T140220.343.gpx,HN_Guanshanling_0320.gpx,HN_Guanshanling,2.41,2.13,469.9,440.9,29,2022/12/28 00:00,128,TRUE,TRUE,FALSE,FALSE,0,-1.702507308,-1.098840265,-0.644414001,關山嶺山 - 2025-08-14T140220.343.gpx,HN_Guanshanling
關山嶺山 - 2025-08-14T140515.795.gpx,HN_Guanshanling_0375.gpx,HN_Guanshanling,2.66,2.11,431.3,419.1,12.2,2022/7/9 00:00,126,TRUE,TRUE,FALSE,FALSE,0,-1.831239453,-1.818268839,-0.740821156,關山嶺山 - 2025-08-14T140515.795.gpx,HN_Guanshanling
關山嶺山 (63).gpx,HN_Guanshanling_0192.gpx,HN_Guanshanling,2.57,2.11,493.6,491.1,2.4,2024/2/11 00:00,126,TRUE,TRUE,FALSE,FALSE,0,0.034653042,-1.352467258,-0.671203089,關山嶺山 (63).gpx,HN_Guanshanling
20220507關山嶺山.gpx,HN_Guanshanling_0032.gpx,HN_Guanshanling,2.7,2.1,530.8,527,3.8,2022/5/7 00:00,125,TRUE,TRUE,FALSE,FALSE,0,1.672585315,-1.531840438,-0.673557121,20220507關山嶺山.gpx,HN_Guanshanling
關山嶺山 - 2025-08-14T135718.493.gpx,HN_Guanshanling_0231.gpx,HN_Guanshanling,2.61,2.1,533.3,529.3,4,2023/11/4 00:00,125,TRUE,TRUE,FALSE,FALSE,0,1.439790009,-1.310526053,-0.654843929,關山嶺山 - 2025-08-14T135718.493.gpx,HN_Guanshanling
231021關山嶺山.gpx,HN_Guanshanling_0093.gpx,HN_Guanshanling,2.54,2.08,505.9,509.1,3.3,2023/10/21 00:00,124,TRUE,TRUE,FALSE,FALSE,0,0.419516548,-1.252518204,-0.683391449,231021關山嶺山.gpx,HN_Guanshanling
關山嶺山 (14).gpx,HN_Guanshanling_0158.gpx,HN_Guanshanling,2.4,2.06,466.2,484.4,18.2,2025/4/7 00:00,123,TRUE,TRUE,FALSE,FALSE,0,-1.120504312,-1.059580664,-0.708794041,關山嶺山 (14).gpx,HN_Guanshanling
1110823複訓-關山嶺山.gpx,HN_Guanshanling_0007.gpx,HN_Guanshanling,2.51,2.03,465.4,482.5,17.1,2022/8/23 00:00,121,TRUE,TRUE,FALSE,FALSE,0,-0.784103966,-1.352949548,-0.758320504,1110823複訓-關山嶺山.gpx,HN_Guanshanling
關山嶺山 - 2025-08-14T140107.738.gpx,HN_Guanshanling_0297.gpx,HN_Guanshanling,2.49,2.03,490.5,492.3,1.7,2023/2/19 00:00,122,TRUE,TRUE,FALSE,FALSE,0,-0.276442533,-1.242819019,-0.734609355,關山嶺山 - 2025-08-14T140107.738.gpx,HN_Guanshanling
關山嶺山 (72).gpx,HN_Guanshanling_0201.gpx,HN_Guanshanling,2.72,2.02,606,597.1,8.9,2024/1/19 00:00,121,TRUE,TRUE,FALSE,FALSE,-1,4.105345434,-1.383614194,-0.69033764,關山嶺山 (72).gpx,HN_Guanshanling
關山嶺山 - 2025-08-14T135838.873.gpx,HN_Guanshanling_0254.gpx,HN_Guanshanling,2.87,2.01,469.3,464.3,5,2023/5/6 00:00,120,TRUE,TRUE,FALSE,FALSE,0,0.240662708,-2.251833675,-0.842060379,關山嶺山 - 2025-08-14T135838.873.gpx,HN_Guanshanling
關山嶺山 - 2025-08-14T140028.280.gpx,HN_Guanshanling_0288.gpx,HN_Guanshanling,2.57,2,518.4,520.6,2.1,2023/3/10 00:00,120,TRUE,TRUE,FALSE,FALSE,0,0.912716585,-1.354699302,-0.754387988,關山嶺山 - 2025-08-14T140028.280.gpx,HN_Guanshanling
