original_filename,new_filename,folder_name,distance,duration_hours,total_ascent,total_descent,abs_ascent_descent_diff,end_date,interval_time,passed_waypoint_taguan_mountain_peak,check_tfidf_塔關山,check_tfidf_南橫三星,check_tfidf_關山嶺山,cluster,pca_1,pca_2,pca_3,original_filename_orig,folder_name_orig
2022-07-27 南橫三星-塔關山.gpx,HN_Taguan_0023.gpx,HN_Taguan,3.91,2.37,565.2,571.4,6.2,2022/7/27,142,TRUE,TRUE,TRUE,FALSE,0,-3.286592844,3.986988225,-0.325000837,2022-07-27 南橫三星-塔關山.gpx,HN_Taguan
2023.03.25塔關山之行.gpx,HN_Taguan_0055.gpx,HN_Taguan,4.53,4.54,889.8,887.7,2.1,2023/3/25,272,TRUE,FALSE,FALSE,FALSE,0,3.046969367,-0.58762081,-1.623405101,2023.03.25塔關山之行.gpx,HN_Taguan
南橫三星 (2).gpx,HN_Taguan_0088.gpx,HN_Taguan,4.59,4.88,736.4,731.2,5.2,2023/1/25,293,TRUE,FALSE,TRUE,FALSE,0,0.395271213,2.475104837,-2.632230858,南橫三星 (2).gpx,HN_Taguan
南橫三星 塔關山步道.gpx,HN_Taguan_0091.gpx,HN_Taguan,4.05,4.89,696.6,710.6,14,2023/1/6,293,TRUE,FALSE,TRUE,FALSE,0,-0.972302364,2.056355903,-2.540347785,南橫三星 塔關山步道.gpx,HN_Taguan
南橫三星-塔關山 (2).gpx,HN_Taguan_0093.gpx,HN_Taguan,4.41,5.27,803.9,800.5,3.4,2023/2/3,316,TRUE,TRUE,TRUE,FALSE,0,1.042379764,2.709132202,-0.306263452,南橫三星-塔關山 (2).gpx,HN_Taguan
塔關山 2022.12.11.gpx,HN_Taguan_0311.gpx,HN_Taguan,4.59,6.68,912.8,905.7,7.2,2022/12/11,400,TRUE,TRUE,FALSE,FALSE,0,3.430373614,-1.028068,0.284471525,塔關山 2022.12.11.gpx,HN_Taguan
塔關山 - 2025-08-13T212117.810.gpx,HN_Taguan_0258.gpx,HN_Taguan,4.13,2.28,720,702.6,17.4,2022/9/3,136,TRUE,TRUE,FALSE,FALSE,0,-0.32624748,1.031128668,0.532891968,塔關山 - 2025-08-13T212117.810.gpx,HN_Taguan
塔關山 - 2025-08-13T211634.205.gpx,HN_Taguan_0184.gpx,HN_Taguan,4.21,2.33,790.6,772.8,17.8,2023/3/11,140,TRUE,TRUE,FALSE,FALSE,0,0.843207933,1.015365055,0.669090667,塔關山 - 2025-08-13T211634.205.gpx,HN_Taguan
塔關山 (63).gpx,HN_Taguan_0148.gpx,HN_Taguan,4.17,2.42,629.4,633.2,3.7,2023/5/6,145,TRUE,TRUE,FALSE,FALSE,0,-1.428115618,1.052471845,0.318360606,塔關山 (63).gpx,HN_Taguan
塔關山 (52).gpx,HN_Taguan_0139.gpx,HN_Taguan,3.93,2.58,680.2,675.4,4.8,2023/6/23,155,TRUE,TRUE,FALSE,FALSE,0,-1.155236301,0.739836195,0.476186323,塔關山 (52).gpx,HN_Taguan
塔關山 - 2025-08-13T212043.953.gpx,HN_Taguan_0247.gpx,HN_Taguan,3.77,2.61,670.9,670.9,0,2022/9/30,156,TRUE,TRUE,FALSE,FALSE,0,-1.530002218,0.600203446,0.50445609,塔關山 - 2025-08-13T212043.953.gpx,HN_Taguan
塔關山 - 2025-08-13T212129.411.gpx,HN_Taguan_0263.gpx,HN_Taguan,4.62,2.62,796.6,789.4,7.2,2022/8/22,156,TRUE,TRUE,FALSE,FALSE,0,1.71546333,1.187659589,0.538554486,塔關山 - 2025-08-13T212129.411.gpx,HN_Taguan
塔關山 - 2025-08-13T212237.027.gpx,HN_Taguan_0277.gpx,HN_Taguan,3.8,2.62,612.3,604.5,7.8,2022/7/9,157,TRUE,TRUE,FALSE,FALSE,0,-2.394255855,0.667910914,0.344399746,塔關山 - 2025-08-13T212237.027.gpx,HN_Taguan
20220507塔關山.gpx,HN_Taguan_0031.gpx,HN_Taguan,4.08,2.63,779.4,746.1,33.3,2022/5/7,157,TRUE,TRUE,FALSE,FALSE,0,0.347637266,0.770081589,0.619170748,20220507塔關山.gpx,HN_Taguan
塔關山 (67).gpx,HN_Taguan_0151.gpx,HN_Taguan,3.97,2.63,719.2,718.9,0.3,2023/4/19,157,TRUE,TRUE,FALSE,FALSE,0,-0.481514917,0.714208554,0.556447825,塔關山 (67).gpx,HN_Taguan
塔關山 (72).gpx,HN_Taguan_0156.gpx,HN_Taguan,3.97,2.63,719.2,718.9,0.3,2023/4/19,157,TRUE,TRUE,FALSE,FALSE,0,-0.481514917,0.714208554,0.556447825,塔關山 (72).gpx,HN_Taguan
塔關山 (71).gpx,HN_Taguan_0155.gpx,HN_Taguan,3.94,2.63,729.6,730.6,1,2023/4/19,158,TRUE,TRUE,FALSE,FALSE,0,-0.370988769,0.681362225,0.591807521,塔關山 (71).gpx,HN_Taguan
塔關山 - 2025-08-13T212123.446.gpx,HN_Taguan_0260.gpx,HN_Taguan,4.01,2.65,862.1,865.1,3,2022/8/27,159,TRUE,TRUE,FALSE,FALSE,0,1.705519001,0.62407934,0.884880127,塔關山 - 2025-08-13T212123.446.gpx,HN_Taguan
塔關山 (50).gpx,HN_Taguan_0137.gpx,HN_Taguan,4.35,2.71,666.8,662,4.9,2023/6/23,162,TRUE,TRUE,FALSE,FALSE,0,-0.630168013,1.022434817,0.302826669,塔關山 (50).gpx,HN_Taguan
一日二星 塔關山.gpx,HN_Taguan_0085.gpx,HN_Taguan,3.79,2.74,626.2,608.4,17.8,2022/7/31,164,TRUE,TRUE,FALSE,FALSE,0,-2.279002771,0.59107016,0.350059969,一日二星 塔關山.gpx,HN_Taguan
塔關山 - 2025-08-13T212415.713.gpx,HN_Taguan_0297.gpx,HN_Taguan,4.23,2.75,742.1,757.2,15.2,2022/5/30,165,TRUE,TRUE,FALSE,FALSE,0,0.413947968,0.83816451,0.539738231,塔關山 - 2025-08-13T212415.713.gpx,HN_Taguan
塔關山 (10).gpx,HN_Taguan_0108.gpx,HN_Taguan,3.86,2.75,780.6,771.9,8.6,2025/5/31,164,TRUE,TRUE,FALSE,FALSE,0,0.170220769,0.519061518,0.706440254,塔關山 (10).gpx,HN_Taguan
2022塔關山.gpx,HN_Taguan_0051.gpx,HN_Taguan,4.31,2.78,776.6,765.9,10.7,2022/12/25,166,TRUE,TRUE,FALSE,FALSE,0,0.868245706,0.871208052,0.556837297,2022塔關山.gpx,HN_Taguan
塔關山 - 2025-08-13T211734.241.gpx,HN_Taguan_0205.gpx,HN_Taguan,3.74,2.78,691.4,703.4,12,2023/2/8,166,TRUE,TRUE,FALSE,FALSE,0,-1.190556295,0.467126911,0.556483344,塔關山 - 2025-08-13T211734.241.gpx,HN_Taguan
塔關山 - 2025-08-13T212427.835.gpx,HN_Taguan_0300.gpx,HN_Taguan,4.34,2.82,682.8,687.8,5,2022/5/28,169,TRUE,TRUE,FALSE,FALSE,0,-0.339430792,0.940974839,0.34308671,塔關山 - 2025-08-13T212427.835.gpx,HN_Taguan
塔關山 - 2025-08-13T211939.221.gpx,HN_Taguan_0229.gpx,HN_Taguan,3.99,2.83,807.4,807.3,0.1,2022/10/24,169,TRUE,TRUE,FALSE,FALSE,0,0.849785884,0.558420149,0.73305138,塔關山 - 2025-08-13T211939.221.gpx,HN_Taguan
塔關山 - 2025-08-13T212404.749.gpx,HN_Taguan_0294.gpx,HN_Taguan,4,2.84,705.5,710,4.5,2022/6/18,170,TRUE,TRUE,FALSE,FALSE,0,-0.592522772,0.638404124,0.494163141,塔關山 - 2025-08-13T212404.749.gpx,HN_Taguan
塔關山 - 2025-08-13T212214.090.gpx,HN_Taguan_0275.gpx,HN_Taguan,4.15,2.87,684.6,674,10.6,2022/7/11,171,TRUE,TRUE,FALSE,FALSE,0,-0.751869966,0.766552883,0.374701875,塔關山 - 2025-08-13T212214.090.gpx,HN_Taguan
塔關山 - 2025-08-13T212357.984.gpx,HN_Taguan_0292.gpx,HN_Taguan,4.05,2.88,680.5,653.6,26.9,2022/6/20,172,TRUE,TRUE,FALSE,FALSE,0,-1.102345878,0.690445293,0.369994038,塔關山 - 2025-08-13T212357.984.gpx,HN_Taguan
塔關山 - 2025-08-13T212102.571.gpx,HN_Taguan_0253.gpx,HN_Taguan,3.83,2.88,748.6,737.8,10.8,2022/9/11,172,TRUE,TRUE,FALSE,FALSE,0,-0.363451023,0.453192748,0.619356717,塔關山 - 2025-08-13T212102.571.gpx,HN_Taguan
塔關山 - 2025-08-13T211713.772.gpx,HN_Taguan_0196.gpx,HN_Taguan,4.01,2.89,770.9,761.3,9.5,2023/2/19,173,TRUE,TRUE,FALSE,FALSE,0,0.280592732,0.575738677,0.619205988,塔關山 - 2025-08-13T211713.772.gpx,HN_Taguan
塔關山-永顯.gpx.gpx,HN_Taguan_0314.gpx,HN_Taguan,3.78,2.91,701.5,693.5,8,2025/6/30,174,TRUE,TRUE,FALSE,FALSE,0,-1.11835269,0.432596949,0.522718143,塔關山-永顯.gpx.gpx,HN_Taguan
塔關山 (95).gpx,HN_Taguan_0174.gpx,HN_Taguan,3.79,2.92,642.3,643,0.7,2023/3/22,175,TRUE,TRUE,FALSE,FALSE,0,-1.904935972,0.477796553,0.390752933,塔關山 (95).gpx,HN_Taguan
塔關山 (7).gpx,HN_Taguan_0153.gpx,HN_Taguan,4.06,2.94,811.5,811.5,0,2025/6/1,176,TRUE,TRUE,FALSE,FALSE,0,1.032203485,0.55485057,0.707582577,塔關山 (7).gpx,HN_Taguan
塔關山 - 2025-08-13T212441.375.gpx,HN_Taguan_0307.gpx,HN_Taguan,4.15,2.96,736.1,735.4,0.7,2022/5/18,177,TRUE,TRUE,FALSE,FALSE,0,0.07663768,0.675973573,0.498814708,塔關山 - 2025-08-13T212441.375.gpx,HN_Taguan
塔關山 - 2025-08-13T212259.377.gpx,HN_Taguan_0281.gpx,HN_Taguan,4.07,3.02,878.9,896.9,18,2022/7/20,180,TRUE,TRUE,FALSE,FALSE,0,2.169948128,0.461866398,0.879269596,塔關山 - 2025-08-13T212259.377.gpx,HN_Taguan
塔關山 - 2025-08-13T211723.587.gpx,HN_Taguan_0201.gpx,HN_Taguan,4.09,3.03,832.1,853.3,21.2,2023/2/12,181,TRUE,TRUE,FALSE,FALSE,0,1.54196387,0.507807883,0.765828145,塔關山 - 2025-08-13T211723.587.gpx,HN_Taguan
20230526塔關山.gpx,HN_Taguan_0068.gpx,HN_Taguan,3.87,3.07,605.3,606.6,1.3,2023/5/26,184,TRUE,TRUE,FALSE,FALSE,0,-2.303394214,0.493253882,0.260459624,20230526塔關山.gpx,HN_Taguan
塔關山 (11).gpx,HN_Taguan_0110.gpx,HN_Taguan,4.24,3.13,751.9,749.8,2.1,2025/5/26,187,TRUE,TRUE,FALSE,FALSE,0,0.454718849,0.64906682,0.485015956,塔關山 (11).gpx,HN_Taguan
塔關山 - 2025-08-13T212300.720.gpx,HN_Taguan_0282.gpx,HN_Taguan,4.12,3.14,778.7,779.7,1,2022/7/17,188,TRUE,TRUE,FALSE,FALSE,0,0.66473357,0.524842158,0.587098797,塔關山 - 2025-08-13T212300.720.gpx,HN_Taguan
塔關山 - 2025-08-13T211716.532.gpx,HN_Taguan_0198.gpx,HN_Taguan,3.76,3.17,773.4,778.4,5,2023/2/17,190,TRUE,TRUE,FALSE,FALSE,0,0.000148404,0.220773168,0.68293677,塔關山 - 2025-08-13T211716.532.gpx,HN_Taguan
1110823複訓-塔關山.gpx,HN_Taguan_0008.gpx,HN_Taguan,4.66,3.18,792.1,767.9,24.2,2022/8/23,190,TRUE,TRUE,FALSE,FALSE,0,1.602314586,0.940647416,0.417528111,1110823複訓-塔關山.gpx,HN_Taguan
塔關山 - 2025-08-13T211631.386.gpx,HN_Taguan_0182.gpx,HN_Taguan,4.25,3.18,804.6,852.4,47.8,2023/3/12,191,TRUE,TRUE,FALSE,FALSE,0,1.60997911,0.56984404,0.671488516,塔關山 - 2025-08-13T211631.386.gpx,HN_Taguan
塔關山 (29).gpx,HN_Taguan_0120.gpx,HN_Taguan,4.09,3.19,642.3,639.5,2.8,2025/4/4,191,TRUE,TRUE,FALSE,FALSE,0,-1.412495948,0.581992652,0.261095498,塔關山 (29).gpx,HN_Taguan
塔關山 (84).gpx,HN_Taguan_0163.gpx,HN_Taguan,3.9,3.2,645.8,671.8,26,2023/4/4,192,TRUE,TRUE,FALSE,FALSE,0,-1.475792325,0.408641407,0.365505819,塔關山 (84).gpx,HN_Taguan
塔關山 - 2025-08-13T212113.550.gpx,HN_Taguan_0257.gpx,HN_Taguan,4.15,3.21,823.1,826.8,3.7,2022/9/7,192,TRUE,TRUE,FALSE,FALSE,0,1.387597342,0.477337005,0.677879209,塔關山 - 2025-08-13T212113.550.gpx,HN_Taguan
塔關山 - 2025-08-13T212014.394.gpx,HN_Taguan_0240.gpx,HN_Taguan,3.67,3.24,694.7,693.7,1,2022/10/29,194,TRUE,TRUE,FALSE,FALSE,0,-1.350103944,0.175261345,0.505475038,塔關山 - 2025-08-13T212014.394.gpx,HN_Taguan
塔關山 (96).gpx,HN_Taguan_0175.gpx,HN_Taguan,3.81,3.26,609,633.7,24.7,2023/3/22,195,TRUE,TRUE,FALSE,FALSE,0,-2.177807279,0.333893537,0.295256835,塔關山 (96).gpx,HN_Taguan
221127 塔關山.gpx,HN_Taguan_0080.gpx,HN_Taguan,3.99,3.27,677.1,656.5,20.6,2022/11/27,196,TRUE,TRUE,FALSE,FALSE,0,-1.202821709,0.440125062,0.337033503,221127 塔關山.gpx,HN_Taguan
塔關山0819.gpx,HN_Taguan_0319.gpx,HN_Taguan,4.11,3.28,677.9,688.7,10.8,2022/8/19,196,TRUE,TRUE,FALSE,FALSE,0,-0.755658728,0.51837644,0.346941001,塔關山0819.gpx,HN_Taguan
塔關山 - 2025-08-13T212130.775.gpx,HN_Taguan_0264.gpx,HN_Taguan,3.93,3.3,659.2,656.8,2.4,2022/8/21,198,TRUE,TRUE,FALSE,FALSE,0,-1.434281217,0.382463026,0.334481828,塔關山 - 2025-08-13T212130.775.gpx,HN_Taguan
塔關山0603.gpx,HN_Taguan_0318.gpx,HN_Taguan,4.02,3.31,683.5,694.2,10.7,2023/6/3,198,TRUE,TRUE,FALSE,FALSE,0,-0.828025939,0.42580039,0.382735819,塔關山0603.gpx,HN_Taguan
塔關山 - 2025-08-13T212304.915.gpx,HN_Taguan_0283.gpx,HN_Taguan,3.71,3.31,692.9,641.5,51.5,2022/7/15,198,TRUE,TRUE,FALSE,FALSE,0,-1.675630453,0.193548936,0.408040918,塔關山 - 2025-08-13T212304.915.gpx,HN_Taguan
塔關山 (92).gpx,HN_Taguan_0171.gpx,HN_Taguan,4.01,3.33,811.9,813.4,1.5,2023/3/25,199,TRUE,TRUE,FALSE,FALSE,0,0.969423326,0.311648595,0.673792027,塔關山 (92).gpx,HN_Taguan
塔關山 - 2025-08-13T212000.046.gpx,HN_Taguan_0234.gpx,HN_Taguan,4.08,3.34,642.9,623.6,19.3,2022/11/12,200,TRUE,TRUE,FALSE,FALSE,0,-1.539234742,0.502613406,0.222009259,塔關山 - 2025-08-13T212000.046.gpx,HN_Taguan
塔關山 - 2025-08-13T212008.672.gpx,HN_Taguan_0238.gpx,HN_Taguan,4.01,3.34,779.6,780.1,0.5,2022/11/5,200,TRUE,TRUE,FALSE,FALSE,0,0.488935607,0.331918252,0.594589645,塔關山 - 2025-08-13T212008.672.gpx,HN_Taguan
塔關山 (94).gpx,HN_Taguan_0173.gpx,HN_Taguan,4.34,3.35,924.5,890,34.4,2023/3/25,201,TRUE,TRUE,FALSE,FALSE,0,2.921648308,0.495629547,0.788426425,塔關山 (94).gpx,HN_Taguan
高雄桃源&臺東海端^_^：塔關山【By 🚗車泊&開車】.gpx,HN_Taguan_0360.gpx,HN_Taguan,4.22,3.37,858.5,838.5,20,2023/3/5,202,TRUE,TRUE,FALSE,FALSE,0,1.855328825,0.433447917,0.685841678,高雄桃源&臺東海端^_^：塔關山【By 🚗車泊&開車】.gpx,HN_Taguan
塔關山 (68).gpx,HN_Taguan_0152.gpx,HN_Taguan,4.17,3.37,748,767.5,19.4,2023/4/29,201,TRUE,TRUE,FALSE,FALSE,0,0.439409274,0.462376716,0.495587402,塔關山 (68).gpx,HN_Taguan
塔關山 - 2025-08-13T211816.807.gpx,HN_Taguan_0212.gpx,HN_Taguan,4.01,3.37,643.8,648.8,5,2023/1/8,202,TRUE,TRUE,FALSE,FALSE,0,-1.46769699,0.419781536,0.275635482,塔關山 - 2025-08-13T211816.807.gpx,HN_Taguan
2022-0603_南橫二星-塔關山.gpx,HN_Taguan_0021.gpx,HN_Taguan,3.89,3.37,656.3,664.4,8.1,2022/6/3,202,TRUE,TRUE,FALSE,FALSE,0,-1.467389809,0.311815394,0.34519863,2022-0603_南橫二星-塔關山.gpx,HN_Taguan
塔關山 - 2025-08-13T211637.016.gpx,HN_Taguan_0185.gpx,HN_Taguan,4,3.38,993.8,982,11.8,2023/3/11,202,TRUE,TRUE,FALSE,FALSE,0,3.521330823,0.142197337,1.081634375,塔關山 - 2025-08-13T211637.016.gpx,HN_Taguan
塔關山 - 2025-08-13T212256.569.gpx,HN_Taguan_0280.gpx,HN_Taguan,4.15,3.42,830.7,836.7,6,2022/7/22,205,TRUE,TRUE,FALSE,FALSE,0,1.519042389,0.36180609,0.671320171,塔關山 - 2025-08-13T212256.569.gpx,HN_Taguan
塔關山 - 2025-08-13T211915.483.gpx,HN_Taguan_0224.gpx,HN_Taguan,4.42,3.44,698.6,696.1,2.5,2022/12/10,206,TRUE,TRUE,FALSE,FALSE,0,-0.016152209,0.675589483,0.263884845,塔關山 - 2025-08-13T211915.483.gpx,HN_Taguan
塔關山 (82).gpx,HN_Taguan_0161.gpx,HN_Taguan,3.86,3.44,648.3,644.3,4,2023/4/4,206,TRUE,TRUE,FALSE,FALSE,0,-1.723456164,0.262526151,0.308575856,塔關山 (82).gpx,HN_Taguan
塔關山 - 2025-08-13T211840.240.gpx,HN_Taguan_0218.gpx,HN_Taguan,3.85,3.45,705.5,705.5,0,2022/12/28,206,TRUE,TRUE,FALSE,FALSE,0,-0.872953197,0.203286198,0.45131122,塔關山 - 2025-08-13T211840.240.gpx,HN_Taguan
塔關山 - 2025-08-13T212053.947.gpx,HN_Taguan_0251.gpx,HN_Taguan,4.68,3.46,821.3,818.6,2.6,2022/9/16,207,TRUE,TRUE,FALSE,FALSE,0,2.226102916,0.780392115,0.474335574,塔關山 - 2025-08-13T212053.947.gpx,HN_Taguan
塔關山 - 2025-08-13T211809.744.gpx,HN_Taguan_0210.gpx,HN_Taguan,4.05,3.46,726.9,721.8,5.1,2023/1/20,207,TRUE,TRUE,FALSE,FALSE,0,-0.253933337,0.34529501,0.434100065,塔關山 - 2025-08-13T211809.744.gpx,HN_Taguan
塔關山 - 2025-08-13T211759.844.gpx,HN_Taguan_0208.gpx,HN_Taguan,4.17,3.48,752.9,751.6,1.3,2023/1/27,208,TRUE,TRUE,FALSE,FALSE,0,0.360733016,0.410225217,0.462871108,塔關山 - 2025-08-13T211759.844.gpx,HN_Taguan
塔關山 - 2025-08-13T211722.124.gpx,HN_Taguan_0200.gpx,HN_Taguan,4.26,3.49,824.9,815.5,9.4,2023/2/12,209,TRUE,TRUE,FALSE,FALSE,0,1.510878369,0.425339394,0.593715751,塔關山 - 2025-08-13T211722.124.gpx,HN_Taguan
塔關山 (35).gpx,HN_Taguan_0125.gpx,HN_Taguan,4.67,3.52,846.3,850.6,4.3,2023/7/21,211,TRUE,TRUE,FALSE,FALSE,0,2.627467646,0.718991069,0.538521421,塔關山 (35).gpx,HN_Taguan
塔關山 - 2025-08-13T211908.570.gpx,HN_Taguan_0222.gpx,HN_Taguan,4.26,3.52,719.7,755.6,36,2022/12/10,211,TRUE,TRUE,FALSE,FALSE,0,0.301169922,0.472657223,0.405509062,塔關山 - 2025-08-13T211908.570.gpx,HN_Taguan
2022.07.30 塔關山.gpx,HN_Taguan_0025.gpx,HN_Taguan,4.06,3.52,659,675.5,16.6,2022/7/30,211,TRUE,TRUE,FALSE,FALSE,0,-1.072852017,0.366036926,0.293357034,2022.07.30 塔關山.gpx,HN_Taguan
塔關山20220803.gpx,HN_Taguan_0323.gpx,HN_Taguan,3.71,3.52,670.3,670.3,0,2022/8/3,211,TRUE,TRUE,FALSE,FALSE,0,-1.627501301,0.081169696,0.400193161,塔關山20220803.gpx,HN_Taguan
塔關山 - 2025-08-13T212437.319.gpx,HN_Taguan_0305.gpx,HN_Taguan,4.25,3.53,709.2,717.3,8.1,2022/5/29,211,TRUE,TRUE,FALSE,FALSE,0,-0.073068772,0.479003262,0.342554413,塔關山 - 2025-08-13T212437.319.gpx,HN_Taguan
20230304塔關山.gpx,HN_Taguan_0064.gpx,HN_Taguan,4.11,3.53,740.1,734.8,5.3,2023/3/4,211,TRUE,TRUE,FALSE,FALSE,0,0.04189372,0.347416488,0.438004276,20230304塔關山.gpx,HN_Taguan
塔關山 (43).gpx,HN_Taguan_0131.gpx,HN_Taguan,3.98,3.53,780.8,701.8,79,2023/7/9,212,TRUE,TRUE,FALSE,FALSE,0,-0.123585406,0.241191647,0.467487642,塔關山 (43).gpx,HN_Taguan
塔關山 (47).gpx,HN_Taguan_0133.gpx,HN_Taguan,3.96,3.53,731.5,730.9,0.6,2023/6/26,211,TRUE,TRUE,FALSE,FALSE,0,-0.306680668,0.230893224,0.468801976,塔關山 (47).gpx,HN_Taguan
塔關山20220521.gpx,HN_Taguan_0320.gpx,HN_Taguan,3.89,3.53,632.4,650.4,18,2022/5/21,211,TRUE,TRUE,FALSE,FALSE,0,-1.742715545,0.243441494,0.281577063,塔關山20220521.gpx,HN_Taguan
塔關山 (26).gpx,HN_Taguan_0117.gpx,HN_Taguan,3.9,3.54,724.5,720.6,3.9,2025/4/20,212,TRUE,TRUE,FALSE,FALSE,0,-0.536023339,0.18400391,0.463965009,塔關山 (26).gpx,HN_Taguan
塔關山 (19).gpx,HN_Taguan_0113.gpx,HN_Taguan,4.23,3.55,814.2,814,0.3,2025/5/3,213,TRUE,TRUE,FALSE,FALSE,0,1.370931338,0.374532246,0.582476435,塔關山 (19).gpx,HN_Taguan
20250503塔關山 (1).gpx,HN_Taguan_0077.gpx,HN_Taguan,3.98,3.55,862.2,864.7,2.5,2025/5/3,213,TRUE,TRUE,FALSE,FALSE,0,1.665852296,0.13413507,0.773997962,20250503塔關山 (1).gpx,HN_Taguan
20220703塔關山.gpx,HN_Taguan_0035.gpx,HN_Taguan,4.26,3.57,728.9,728.5,0.4,2022/7/3,213,TRUE,TRUE,FALSE,FALSE,0,0.171173934,0.454621788,0.368765451,20220703塔關山.gpx,HN_Taguan
塔關山 - 2025-08-13T212422.669.gpx,HN_Taguan_0298.gpx,HN_Taguan,3.59,3.57,628.9,668.4,39.5,2022/6/4,214,TRUE,TRUE,FALSE,FALSE,0,-2.149956684,-0.025917234,0.387592669,塔關山 - 2025-08-13T212422.669.gpx,HN_Taguan
塔關山 - 2025-08-13T212423.897.gpx,HN_Taguan_0299.gpx,HN_Taguan,3.59,3.57,628.9,668.4,39.5,2022/6/4,214,TRUE,TRUE,FALSE,FALSE,0,-2.149956684,-0.025917234,0.387592669,塔關山 - 2025-08-13T212423.897.gpx,HN_Taguan
關山嶺+塔關山.gpx,HN_Taguan_0357.gpx,HN_Taguan,4.64,3.58,969.3,964.2,5.1,2022/7/30,214,TRUE,TRUE,FALSE,FALSE,0,4.310681888,0.572236985,0.817133695,關山嶺+塔關山.gpx,HN_Taguan
塔關山 (58).gpx,HN_Taguan_0142.gpx,HN_Taguan,4.73,3.6,720.2,715,5.1,2023/5/28,215,TRUE,TRUE,FALSE,FALSE,0,0.814097066,0.82773251,0.198111501,塔關山 (58).gpx,HN_Taguan
20230429 塔關山.gpx,HN_Taguan_0066.gpx,HN_Taguan,4.42,3.62,697.7,697.5,0.2,2023/4/29,217,TRUE,TRUE,FALSE,FALSE,0,-0.009730387,0.582173627,0.241184422,20230429 塔關山.gpx,HN_Taguan
塔關山 (1).gpx,HN_Taguan_0107.gpx,HN_Taguan,4.17,3.62,713.7,704,9.7,2025/6/28,217,TRUE,TRUE,FALSE,FALSE,0,-0.272999489,0.371609418,0.33952866,塔關山 (1).gpx,HN_Taguan
1120115塔關山.gpx,HN_Taguan_0013.gpx,HN_Taguan,4.16,3.63,720,720,0,2023/1/15,218,TRUE,TRUE,FALSE,FALSE,0,-0.126684157,0.349466453,0.369942386,1120115塔關山.gpx,HN_Taguan
2023.07.23塔關山.gpx,HN_Taguan_0056.gpx,HN_Taguan,3.99,3.65,805.3,812.3,7,2023/7/22,219,TRUE,TRUE,FALSE,FALSE,0,0.883635693,0.132702333,0.629543399,2023.07.23塔關山.gpx,HN_Taguan
塔關山 (78).gpx,HN_Taguan_0158.gpx,HN_Taguan,4.03,3.66,647.9,635.9,12,2023/4/12,219,TRUE,TRUE,FALSE,FALSE,0,-1.493253151,0.289684548,0.216675231,塔關山 (78).gpx,HN_Taguan
20250503塔關山.gpx,HN_Taguan_0078.gpx,HN_Taguan,3.99,3.66,698.7,693.9,4.8,2025/5/3,219,TRUE,TRUE,FALSE,FALSE,0,-0.764665499,0.215010572,0.359049664,20250503塔關山.gpx,HN_Taguan
塔關山 (91).gpx,HN_Taguan_0170.gpx,HN_Taguan,4.32,3.67,768.3,783.2,14.9,2023/3/18,220,TRUE,TRUE,FALSE,FALSE,0,0.964805533,0.414516696,0.452860539,塔關山 (91).gpx,HN_Taguan
20221012塔關山.gpx,HN_Taguan_0041.gpx,HN_Taguan,4.29,3.67,773.3,770.8,2.5,2022/10/12,220,TRUE,TRUE,FALSE,FALSE,0,0.859382646,0.3935692,0.448707904,20221012塔關山.gpx,HN_Taguan
20221130塔關山.gpx,HN_Taguan_0044.gpx,HN_Taguan,4.31,3.68,685.7,711.9,26.2,2022/11/30,221,TRUE,TRUE,FALSE,FALSE,0,-0.179918097,0.460612521,0.275153526,20221130塔關山.gpx,HN_Taguan
塔關山 (93).gpx,HN_Taguan_0172.gpx,HN_Taguan,4.34,3.69,806.1,861.6,55.5,2023/3/25,221,TRUE,TRUE,FALSE,FALSE,0,1.850342995,0.37428863,0.591787657,塔關山 (93).gpx,HN_Taguan
塔關山 20230619.gpx,HN_Taguan_0312.gpx,HN_Taguan,4.13,3.7,789.9,790.5,0.6,2023/6/19,221,TRUE,TRUE,FALSE,FALSE,0,0.851718759,0.234564826,0.535847472,塔關山 20230619.gpx,HN_Taguan
塔關山 - 2025-08-13T211724.960.gpx,HN_Taguan_0202.gpx,HN_Taguan,4.12,3.71,688,689.1,1.2,2023/2/5,222,TRUE,TRUE,FALSE,FALSE,0,-0.654845473,0.300073434,0.297022746,塔關山 - 2025-08-13T211724.960.gpx,HN_Taguan
塔關山 - 2025-08-13T211625.667.gpx,HN_Taguan_0180.gpx,HN_Taguan,3.85,3.72,660.2,657.1,3.1,2023/3/18,222,TRUE,TRUE,FALSE,FALSE,0,-1.555288646,0.099926179,0.30387679,塔關山 - 2025-08-13T211625.667.gpx,HN_Taguan
塔關山 (39).gpx,HN_Taguan_0128.gpx,HN_Taguan,4.15,3.74,693.4,729.2,35.8,2023/7/12,224,TRUE,TRUE,FALSE,FALSE,0,-0.269982503,0.290297087,0.346544021,塔關山 (39).gpx,HN_Taguan
塔關山 - 2025-08-13T211741.348.gpx,HN_Taguan_0207.gpx,HN_Taguan,4.15,3.74,698.3,699.2,0.9,2023/2/5,224,TRUE,TRUE,FALSE,FALSE,0,-0.45352089,0.300895775,0.308251764,塔關山 - 2025-08-13T211741.348.gpx,HN_Taguan
塔關山 (40).gpx,HN_Taguan_0130.gpx,HN_Taguan,3.77,3.74,643.9,646.6,2.7,2023/7/9,224,TRUE,TRUE,FALSE,FALSE,0,-1.88843817,0.035148317,0.294636102,塔關山 (40).gpx,HN_Taguan
塔關山 - 2025-08-13T211632.788.gpx,HN_Taguan_0183.gpx,HN_Taguan,4.29,3.76,734.8,720.1,14.7,2023/3/12,225,TRUE,TRUE,FALSE,FALSE,0,0.207332591,0.381857454,0.328217378,塔關山 - 2025-08-13T211632.788.gpx,HN_Taguan
塔關山 - 2025-08-13T212208.394.gpx,HN_Taguan_0274.gpx,HN_Taguan,4.04,3.76,713.4,712.7,0.7,2022/8/7,225,TRUE,TRUE,FALSE,FALSE,0,-0.432062069,0.190585032,0.371636787,塔關山 - 2025-08-13T212208.394.gpx,HN_Taguan
塔關山 (61).gpx,HN_Taguan_0146.gpx,HN_Taguan,4.53,3.77,798.1,785.8,12.3,2023/5/21,226,TRUE,TRUE,FALSE,FALSE,0,1.563746894,0.520632641,0.409047191,塔關山 (61).gpx,HN_Taguan
【塔關山】.gpx,HN_Taguan_0083.gpx,HN_Taguan,4.37,3.77,687.3,690.3,3,2023/7/12,226,TRUE,TRUE,FALSE,FALSE,0,-0.22204664,0.47086005,0.21607353,【塔關山】.gpx,HN_Taguan
塔關山 - 2025-08-13T212201.448.gpx,HN_Taguan_0272.gpx,HN_Taguan,4.27,3.79,856.1,881.3,25.2,2022/8/8,227,TRUE,TRUE,FALSE,FALSE,0,2.243000047,0.239695377,0.674294573,塔關山 - 2025-08-13T212201.448.gpx,HN_Taguan
塔關山 (53).gpx,HN_Taguan_0140.gpx,HN_Taguan,4.07,3.82,697.3,700.4,3.1,2023/6/22,229,TRUE,TRUE,FALSE,FALSE,0,-0.587874983,0.194690319,0.322124098,塔關山 (53).gpx,HN_Taguan
塔關山 (80).gpx,HN_Taguan_0159.gpx,HN_Taguan,3.98,3.83,741.1,744.9,3.8,2023/4/9,230,TRUE,TRUE,FALSE,FALSE,0,-0.094913447,0.082530338,0.452124933,塔關山 (80).gpx,HN_Taguan
塔關山 (3).gpx,HN_Taguan_0121.gpx,HN_Taguan,3.81,3.83,781.4,783.4,2,2025/6/11,230,TRUE,TRUE,FALSE,FALSE,0,0.191280322,-0.085376502,0.595291548,塔關山 (3).gpx,HN_Taguan
南橫之星：塔關山.gpx,HN_Taguan_0103.gpx,HN_Taguan,4.43,3.85,711.7,734.4,22.7,2022/12/10,231,TRUE,TRUE,FALSE,FALSE,0,0.383657259,0.450916798,0.273607422,南橫之星：塔關山.gpx,HN_Taguan
20220509塔關山.gpx,HN_Taguan_0032.gpx,HN_Taguan,4.07,3.85,816.9,833.9,17,2022/5/9,231,TRUE,TRUE,FALSE,FALSE,0,1.266911757,0.080737392,0.621086285,20220509塔關山.gpx,HN_Taguan
塔關山 - 2025-08-13T211641.115.gpx,HN_Taguan_0187.gpx,HN_Taguan,3.95,3.85,723.9,792.6,68.7,2023/3/8,230,TRUE,TRUE,FALSE,FALSE,0,0.076794698,0.034487769,0.510426415,塔關山 - 2025-08-13T211641.115.gpx,HN_Taguan
塔關山 - 2025-08-13T212012.990.gpx,HN_Taguan_0239.gpx,HN_Taguan,4.08,3.87,865.3,864.5,0.8,2022/10/30,232,TRUE,TRUE,FALSE,FALSE,0,1.863373818,0.048300879,0.704580853,塔關山 - 2025-08-13T212012.990.gpx,HN_Taguan
塔關山0603 (1).gpx,HN_Taguan_0317.gpx,HN_Taguan,4.37,3.88,748.2,735.5,12.6,2022/6/3,232,TRUE,TRUE,FALSE,FALSE,0,0.557217796,0.373203986,0.323188119,塔關山0603 (1).gpx,HN_Taguan
塔關山 - 2025-08-13T212410.226.gpx,HN_Taguan_0296.gpx,HN_Taguan,4.18,3.88,701,846.8,145.8,2022/6/18,232,TRUE,TRUE,FALSE,FALSE,0,0.699746741,0.190820506,0.494333596,塔關山 - 2025-08-13T212410.226.gpx,HN_Taguan
塔關山 - 2025-08-13T212402.060.gpx,HN_Taguan_0293.gpx,HN_Taguan,3.87,3.88,761.4,773.4,12,2022/6/19,232,TRUE,TRUE,FALSE,FALSE,0,0.074911196,-0.05138042,0.537850021,塔關山 - 2025-08-13T212402.060.gpx,HN_Taguan
塔關山 - 2025-08-13T211720.740.gpx,HN_Taguan_0199.gpx,HN_Taguan,3.54,3.88,622.1,630.1,8,2023/1/13,232,TRUE,TRUE,FALSE,FALSE,0,-2.560924806,-0.208520099,0.300191337,塔關山 - 2025-08-13T211720.740.gpx,HN_Taguan
塔關山 - 2025-08-13T211940.607.gpx,HN_Taguan_0230.gpx,HN_Taguan,3.86,3.91,638.7,639.7,1,2022/11/21,234,TRUE,TRUE,FALSE,FALSE,0,-1.820287026,0.024640619,0.230705837,塔關山 - 2025-08-13T211940.607.gpx,HN_Taguan
塔關山 (38).gpx,HN_Taguan_0127.gpx,HN_Taguan,4.19,3.94,738.8,741.8,3,2023/7/12,236,TRUE,TRUE,FALSE,FALSE,0,0.226941059,0.197458431,0.368750858,塔關山 (38).gpx,HN_Taguan
20250404塔關山.gpx,HN_Taguan_0075.gpx,HN_Taguan,3.9,3.94,747.1,743.4,3.7,2025/4/5,236,TRUE,TRUE,FALSE,FALSE,0,-0.197194718,-0.040626404,0.464722313,20250404塔關山.gpx,HN_Taguan
塔關山 (65).gpx,HN_Taguan_0150.gpx,HN_Taguan,4.49,3.95,757.1,765.1,7.9,2023/4/30,236,TRUE,TRUE,FALSE,FALSE,0,1.045720413,0.418536627,0.329018275,塔關山 (65).gpx,HN_Taguan
塔關山 - 2025-08-13T211651.454.gpx,HN_Taguan_0189.gpx,HN_Taguan,4.13,3.95,781.8,788.8,7,2023/2/28,236,TRUE,TRUE,FALSE,FALSE,0,0.783710905,0.108807138,0.492688913,塔關山 - 2025-08-13T211651.454.gpx,HN_Taguan
塔關山 - 2025-08-13T212028.492.gpx,HN_Taguan_0244.gpx,HN_Taguan,4.55,3.96,950.3,958.5,8.1,2022/10/9,237,TRUE,TRUE,FALSE,FALSE,0,3.981275878,0.312045364,0.767469829,塔關山 - 2025-08-13T212028.492.gpx,HN_Taguan
塔關山 - 2025-08-13T211812.565.gpx,HN_Taguan_0211.gpx,HN_Taguan,4.35,3.96,806.8,811.5,4.8,2023/1/14,237,TRUE,TRUE,FALSE,FALSE,0,1.510229576,0.263037515,0.482076351,塔關山 - 2025-08-13T211812.565.gpx,HN_Taguan
0910塔關山.gpx,HN_Taguan_0003.gpx,HN_Taguan,3.74,3.96,650.6,655,4.3,2022/9/10,237,TRUE,TRUE,FALSE,FALSE,0,-1.825804379,-0.108863325,0.292650492,0910塔關山.gpx,HN_Taguan
2023_02_11塔關山.gpx,HN_Taguan_0072.gpx,HN_Taguan,3.94,3.98,742.9,745.9,3,2023/2/11,238,TRUE,TRUE,FALSE,FALSE,0,-0.140586848,-0.028505106,0.44720869,2023_02_11塔關山.gpx,HN_Taguan
塔關山 (55).gpx,HN_Taguan_0141.gpx,HN_Taguan,4.26,3.99,761.6,759.5,2.1,2023/6/19,239,TRUE,TRUE,FALSE,FALSE,0,0.644416462,0.212595955,0.388060412,塔關山 (55).gpx,HN_Taguan
塔關山 - 2025-08-13T212004.251.gpx,HN_Taguan_0236.gpx,HN_Taguan,3.82,3.99,669.3,662.8,6.4,2022/8/6,239,TRUE,TRUE,FALSE,FALSE,0,-1.49402593,-0.069720807,0.293653769,塔關山 - 2025-08-13T212004.251.gpx,HN_Taguan
塔關山 (51).gpx,HN_Taguan_0138.gpx,HN_Taguan,4.65,4.01,808.5,796.9,11.6,2023/6/23,240,TRUE,TRUE,FALSE,FALSE,0,1.930530179,0.485063959,0.367304836,塔關山 (51).gpx,HN_Taguan
1104 塔關山.gpx,HN_Taguan_0004.gpx,HN_Taguan,4.28,4.02,686.5,698.3,11.8,2022/11/4,241,TRUE,TRUE,FALSE,FALSE,0,-0.319682535,0.265704973,0.220283448,1104 塔關山.gpx,HN_Taguan
塔關山 - 2025-08-13T212353.875.gpx,HN_Taguan_0291.gpx,HN_Taguan,4.18,4.03,955.7,819.3,136.4,2022/6/20,242,TRUE,TRUE,FALSE,FALSE,0,2.369757528,0.032194699,0.673869233,塔關山 - 2025-08-13T212353.875.gpx,HN_Taguan
塔關山 (100).gpx,HN_Taguan_0109.gpx,HN_Taguan,4.19,4.04,678.4,702.3,23.9,2023/3/19,242,TRUE,TRUE,FALSE,FALSE,0,-0.503704467,0.183889931,0.242418548,塔關山 (100).gpx,HN_Taguan
塔關山 (70).gpx,HN_Taguan_0154.gpx,HN_Taguan,3.93,4.04,715.9,722.3,6.4,2023/4/23,242,TRUE,TRUE,FALSE,FALSE,0,-0.527571965,-0.048120397,0.383175078,塔關山 (70).gpx,HN_Taguan
0722塔關山.gpx,HN_Taguan_0002.gpx,HN_Taguan,3.88,4.04,700.6,712.5,11.9,2022/7/22,242,TRUE,TRUE,FALSE,FALSE,0,-0.797184204,-0.078947972,0.369636546,0722塔關山.gpx,HN_Taguan
塔關山 (36).gpx,HN_Taguan_0126.gpx,HN_Taguan,4.16,4.06,631.3,633.9,2.7,2023/7/19,243,TRUE,TRUE,FALSE,FALSE,0,-1.400828346,0.194577819,0.106730017,塔關山 (36).gpx,HN_Taguan
塔關山 - 2025-08-13T212052.330.gpx,HN_Taguan_0250.gpx,HN_Taguan,4.11,4.06,662.9,670.8,7.9,2022/9/17,243,TRUE,TRUE,FALSE,FALSE,0,-0.984628821,0.127484563,0.203908198,塔關山 - 2025-08-13T212052.330.gpx,HN_Taguan
塔關山 - 2025-08-13T211958.699.gpx,HN_Taguan_0233.gpx,HN_Taguan,3.99,4.09,700.6,676.2,24.4,2022/11/12,245,TRUE,TRUE,FALSE,FALSE,0,-0.873577199,-0.000936872,0.278533886,塔關山 - 2025-08-13T211958.699.gpx,HN_Taguan
塔關山 (62).gpx,HN_Taguan_0147.gpx,HN_Taguan,4.5,4.11,859.9,867.6,7.6,2023/5/21,246,TRUE,TRUE,FALSE,FALSE,0,2.569564672,0.264259199,0.54772631,塔關山 (62).gpx,HN_Taguan
塔關山 (99).gpx,HN_Taguan_0177.gpx,HN_Taguan,4.16,4.12,952.8,943.9,8.9,2023/3/19,247,TRUE,TRUE,FALSE,FALSE,0,3.227238118,-0.080900469,0.843262148,塔關山 (99).gpx,HN_Taguan
塔關山 - 2025-08-13T211711.022.gpx,HN_Taguan_0194.gpx,HN_Taguan,4.02,4.12,647.2,636.2,11,2023/2/22,247,TRUE,TRUE,FALSE,FALSE,0,-1.506212359,0.043643891,0.158439359,塔關山 - 2025-08-13T211711.022.gpx,HN_Taguan
111.5.6塔關山.gpx,HN_Taguan_0006.gpx,HN_Taguan,3.93,4.12,602.5,643.5,41,2022/5/6,247,TRUE,TRUE,FALSE,FALSE,0,-1.934956421,-0.015912756,0.153637769,111.5.6塔關山.gpx,HN_Taguan
塔關山 (18).gpx,HN_Taguan_0112.gpx,HN_Taguan,4.7,4.13,669.8,679.1,9.3,2025/5/10,247,TRUE,TRUE,FALSE,FALSE,0,0.13842713,0.562244018,0.038190533,塔關山 (18).gpx,HN_Taguan
塔關山 - 2025-08-13T212155.892.gpx,HN_Taguan_0269.gpx,HN_Taguan,4.42,4.13,905.2,763.1,142.1,2022/7/9,247,TRUE,TRUE,FALSE,FALSE,0,2.000668987,0.215925483,0.461849922,塔關山 - 2025-08-13T212155.892.gpx,HN_Taguan
20221210塔關山.gpx,HN_Taguan_0046.gpx,HN_Taguan,4.85,4.16,864,867.1,3.1,2022/12/10,249,TRUE,TRUE,FALSE,FALSE,0,3.196282756,0.520015901,0.44054909,20221210塔關山.gpx,HN_Taguan
1110709塔關山.gpx,HN_Taguan_0007.gpx,HN_Taguan,4.3,4.16,791.1,796.6,5.5,2022/7/9,249,TRUE,TRUE,FALSE,FALSE,0,1.203460395,0.130942455,0.434363387,1110709塔關山.gpx,HN_Taguan
塔關山 - 2025-08-13T211715.147.gpx,HN_Taguan_0197.gpx,HN_Taguan,4.02,4.16,614,645.9,31.8,2023/2/19,249,TRUE,TRUE,FALSE,FALSE,0,-1.678233872,0.030974863,0.135885547,塔關山 - 2025-08-13T211715.147.gpx,HN_Taguan
"南橫二星-塔關山 (by Simon's Garmin Fenix 7X, 2022.08.28).gpx",HN_Taguan_0105.gpx,HN_Taguan,3.84,4.16,627.8,652.8,25,2022/8/28,249,TRUE,TRUE,FALSE,FALSE,0,-1.834815372,-0.122373651,0.212003918,"南橫二星-塔關山 (by Simon's Garmin Fenix 7X, 2022.08.28).gpx",HN_Taguan
塔關山 (73).gpx,HN_Taguan_0157.gpx,HN_Taguan,3.86,4.2,691.1,703.1,12,2023/4/16,251,TRUE,TRUE,FALSE,FALSE,0,-0.967450787,-0.170606197,0.332012169,塔關山 (73).gpx,HN_Taguan
塔關山2022_06_24米蘭9妹子.gpx,HN_Taguan_0327.gpx,HN_Taguan,4.39,4.21,806.3,810.2,3.9,2022/6/24,252,TRUE,TRUE,FALSE,FALSE,0,1.569430721,0.166692956,0.434764097,塔關山2022_06_24米蘭9妹子.gpx,HN_Taguan
塔關山 - 2025-08-13T212435.922.gpx,HN_Taguan_0304.gpx,HN_Taguan,4.29,4.24,999,1029,30,2022/5/29,254,TRUE,TRUE,FALSE,FALSE,0,4.413397909,-0.089779127,0.953801101,塔關山 - 2025-08-13T212435.922.gpx,HN_Taguan
20220529塔關山.gpx,HN_Taguan_0033.gpx,HN_Taguan,3.93,4.24,647.3,642.3,5,2022/5/29,254,TRUE,TRUE,FALSE,FALSE,0,-1.613155319,-0.09376814,0.178007684,20220529塔關山.gpx,HN_Taguan
塔關山20221119.gpx,HN_Taguan_0325.gpx,HN_Taguan,3.93,4.24,745.4,742.4,3,2022/11/19,254,TRUE,TRUE,FALSE,FALSE,0,-0.160959944,-0.170622066,0.413049122,塔關山20221119.gpx,HN_Taguan
塔關山 - 2025-08-13T211628.446.gpx,HN_Taguan_0181.gpx,HN_Taguan,4.5,4.26,740.8,743.8,3,2023/3/12,255,TRUE,TRUE,FALSE,FALSE,0,0.792198761,0.280864998,0.239240761,塔關山 - 2025-08-13T211628.446.gpx,HN_Taguan
塔關山 (21).gpx,HN_Taguan_0115.gpx,HN_Taguan,4.45,4.26,721.8,728.6,6.8,2025/5/2,255,TRUE,TRUE,FALSE,FALSE,0,0.455928606,0.253606227,0.214514943,塔關山 (21).gpx,HN_Taguan
塔關山 - 2025-08-13T211804.110.gpx,HN_Taguan_0209.gpx,HN_Taguan,4.73,4.28,872.7,870.5,2.2,2023/1/25,257,TRUE,TRUE,FALSE,FALSE,0,3.081301692,0.35635007,0.473205185,塔關山 - 2025-08-13T211804.110.gpx,HN_Taguan
塔關山 - 2025-08-13T211655.560.gpx,HN_Taguan_0191.gpx,HN_Taguan,4.49,4.34,861.1,862.6,1.5,2023/2/25,260,TRUE,TRUE,FALSE,FALSE,0,2.528214242,0.138759695,0.514180371,塔關山 - 2025-08-13T211655.560.gpx,HN_Taguan
塔關山 - 2025-08-13T211705.352.gpx,HN_Taguan_0193.gpx,HN_Taguan,4.49,4.34,861.1,862.6,1.5,2023/2/25,260,TRUE,TRUE,FALSE,FALSE,0,2.528214242,0.138759695,0.514180371,塔關山 - 2025-08-13T211705.352.gpx,HN_Taguan
塔關山 (59).gpx,HN_Taguan_0143.gpx,HN_Taguan,4.36,4.34,788.8,778.7,10.1,2023/5/27,260,TRUE,TRUE,FALSE,FALSE,0,1.161177225,0.094495229,0.364988017,塔關山 (59).gpx,HN_Taguan
2022_06_26 塔關山.gpx,HN_Taguan_0048.gpx,HN_Taguan,4.02,4.34,679.3,683.8,4.6,2022/6/26,260,TRUE,TRUE,FALSE,FALSE,0,-0.919011625,-0.101495696,0.227410706,2022_06_26 塔關山.gpx,HN_Taguan
20221002塔關山.gpx,HN_Taguan_0038.gpx,HN_Taguan,4.1,4.35,648.8,642.8,6,2022/10/2,261,TRUE,TRUE,FALSE,FALSE,0,-1.305595163,-0.01403584,0.115190451,20221002塔關山.gpx,HN_Taguan
塔關山.Vito.20221116.gpx,HN_Taguan_0316.gpx,HN_Taguan,4.48,4.36,812.1,826.3,14.2,2022/11/16,261,TRUE,TRUE,FALSE,FALSE,0,1.886264356,0.15306172,0.416673465,塔關山.Vito.20221116.gpx,HN_Taguan
塔關山 (4).gpx,HN_Taguan_0129.gpx,HN_Taguan,3.95,4.37,663.1,663.9,0.7,2025/6/1,261,TRUE,TRUE,FALSE,FALSE,0,-1.302918074,-0.159524811,0.200538765,塔關山 (4).gpx,HN_Taguan
塔關山 - 2025-08-13T211954.537.gpx,HN_Taguan_0231.gpx,HN_Taguan,4.48,4.39,802,798,4,2022/11/13,263,TRUE,TRUE,FALSE,FALSE,0,1.605563269,0.152869435,0.362775594,塔關山 - 2025-08-13T211954.537.gpx,HN_Taguan
塔關山 (32).gpx,HN_Taguan_0122.gpx,HN_Taguan,3.99,4.4,757.4,745.8,11.6,2023/7/24,264,TRUE,TRUE,FALSE,FALSE,0,0.057215623,-0.210687877,0.390176304,塔關山 (32).gpx,HN_Taguan
塔關山+塞車.gpx,HN_Taguan_0313.gpx,HN_Taguan,3.74,4.41,690.4,674.8,15.6,2022/6/25,264,TRUE,TRUE,FALSE,FALSE,0,-1.381944882,-0.364370444,0.29861348,塔關山+塞車.gpx,HN_Taguan
塔關山 (87).gpx,HN_Taguan_0166.gpx,HN_Taguan,3.54,4.41,626.9,584.8,42.1,2023/4/2,264,TRUE,TRUE,FALSE,FALSE,0,-2.848944787,-0.465891948,0.169684982,塔關山 (87).gpx,HN_Taguan
塔關山 - 2025-08-13T212019.974.gpx,HN_Taguan_0242.gpx,HN_Taguan,3.96,4.43,631.2,664.7,33.4,2022/10/22,265,TRUE,TRUE,FALSE,FALSE,0,-1.513078553,-0.17126217,0.160867747,塔關山 - 2025-08-13T212019.974.gpx,HN_Taguan
塔關山 - 2025-08-13T211654.217.gpx,HN_Taguan_0190.gpx,HN_Taguan,4.49,4.51,787.4,768.7,18.7,2023/2/27,270,TRUE,TRUE,FALSE,FALSE,0,1.303046897,0.116221964,0.288339091,塔關山 - 2025-08-13T211654.217.gpx,HN_Taguan
塔關山 - 2025-08-13T211624.295.gpx,HN_Taguan_0179.gpx,HN_Taguan,4.65,4.54,703.6,702.9,0.8,2023/3/18,272,TRUE,TRUE,FALSE,FALSE,0,0.481262612,0.287548687,0.06436073,塔關山 - 2025-08-13T211624.295.gpx,HN_Taguan
塔關山 (6).gpx,HN_Taguan_0144.gpx,HN_Taguan,4.13,4.54,795.8,809.2,13.4,2025/6/1,272,TRUE,TRUE,FALSE,FALSE,0,1.044813798,-0.210055982,0.456771081,塔關山 (6).gpx,HN_Taguan
20230319塔關山.gpx,HN_Taguan_0065.gpx,HN_Taguan,3.87,4.54,697.7,694.5,3.2,2023/3/19,272,TRUE,TRUE,FALSE,FALSE,0,-0.959558399,-0.337345592,0.277876967,20230319塔關山.gpx,HN_Taguan
塔關山 - 2025-08-13T211656.974.gpx,HN_Taguan_0192.gpx,HN_Taguan,4.12,4.57,973.3,977.5,4.2,2023/1/28,274,TRUE,TRUE,FALSE,FALSE,0,3.561931622,-0.367436803,0.862711394,塔關山 - 2025-08-13T211656.974.gpx,HN_Taguan
2023.01.08 塔關山.gpx,HN_Taguan_0054.gpx,HN_Taguan,4.18,4.58,831,831.3,0.3,2023/1/8,274,TRUE,TRUE,FALSE,FALSE,0,1.55105522,-0.212219443,0.501242792,2023.01.08 塔關山.gpx,HN_Taguan
塔關山 - 2025-08-13T211712.413.gpx,HN_Taguan_0195.gpx,HN_Taguan,4.16,4.58,759.2,753.7,5.5,2023/2/20,274,TRUE,TRUE,FALSE,FALSE,0,0.422200771,-0.170347517,0.328940385,塔關山 - 2025-08-13T211712.413.gpx,HN_Taguan
221127塔關山.gpx,HN_Taguan_0081.gpx,HN_Taguan,4.03,4.59,725.7,724.3,1.4,2022/11/27,275,TRUE,TRUE,FALSE,FALSE,0,-0.261236547,-0.256334613,0.292697312,221127塔關山.gpx,HN_Taguan
塔關山 (5).gpx,HN_Taguan_0136.gpx,HN_Taguan,3.88,4.64,760.6,744.6,16,2025/6/1,278,TRUE,TRUE,FALSE,FALSE,0,-0.112793703,-0.424488814,0.392233914,塔關山 (5).gpx,HN_Taguan
塔關山 - 2025-08-13T211838.846.gpx,HN_Taguan_0217.gpx,HN_Taguan,4.09,4.66,690.1,696.4,6.2,2022/12/24,279,TRUE,TRUE,FALSE,FALSE,0,-0.622727479,-0.219651178,0.192395051,塔關山 - 2025-08-13T211838.846.gpx,HN_Taguan
塔關山 - 2025-08-13T211846.035.gpx,HN_Taguan_0219.gpx,HN_Taguan,4.09,4.66,690.1,696.4,6.2,2022/12/24,279,TRUE,TRUE,FALSE,FALSE,0,-0.622727479,-0.219651178,0.192395051,塔關山 - 2025-08-13T211846.035.gpx,HN_Taguan
塔關山 - 2025-08-13T211904.320.gpx,HN_Taguan_0221.gpx,HN_Taguan,3.77,4.66,651.1,654.9,3.8,2022/12/3,279,TRUE,TRUE,FALSE,FALSE,0,-1.760658288,-0.447060254,0.191307769,塔關山 - 2025-08-13T211904.320.gpx,HN_Taguan
塔關山 - 2025-08-13T212148.861.gpx,HN_Taguan_0267.gpx,HN_Taguan,4.19,4.68,789.4,792.9,3.5,2022/8/15,281,TRUE,TRUE,FALSE,FALSE,0,0.983534263,-0.224973652,0.391141819,塔關山 - 2025-08-13T212148.861.gpx,HN_Taguan
111.08.20塔關山.gpx,HN_Taguan_0005.gpx,HN_Taguan,4.01,4.68,745.8,750.5,4.7,2022/8/20,281,TRUE,TRUE,FALSE,FALSE,0,0.04507321,-0.337177584,0.342985194,111.08.20塔關山.gpx,HN_Taguan
塔關山 - 2025-08-13T212430.549.gpx,HN_Taguan_0302.gpx,HN_Taguan,3.6,4.68,657.8,660.8,3,2022/6/1,280,TRUE,TRUE,FALSE,FALSE,0,-1.959215061,-0.599690731,0.253728717,塔關山 - 2025-08-13T212430.549.gpx,HN_Taguan
塔關山 - 2025-08-13T212431.789.gpx,HN_Taguan_0303.gpx,HN_Taguan,3.6,4.68,657.8,660.8,3,2022/6/1,280,TRUE,TRUE,FALSE,FALSE,0,-1.959215061,-0.599690731,0.253728717,塔關山 - 2025-08-13T212431.789.gpx,HN_Taguan
塔關山 - 2025-08-13T212501.808.gpx,HN_Taguan_0310.gpx,HN_Taguan,4.3,4.69,905.3,902.1,3.2,2022/5/1,281,TRUE,TRUE,FALSE,FALSE,0,2.821493736,-0.228293494,0.621965531,塔關山 - 2025-08-13T212501.808.gpx,HN_Taguan
20220828，塔關山.gpx,HN_Taguan_0037.gpx,HN_Taguan,4.18,4.71,689.4,690.8,1.5,2022/8/28,282,TRUE,TRUE,FALSE,FALSE,0,-0.513900787,-0.170216694,0.150446395,20220828，塔關山.gpx,HN_Taguan
塔關山 - 2025-08-13T212324.850.gpx,HN_Taguan_0288.gpx,HN_Taguan,4.06,4.71,726.2,723.3,2.9,2022/7/9,282,TRUE,TRUE,FALSE,FALSE,0,-0.211641685,-0.293963188,0.266944325,塔關山 - 2025-08-13T212324.850.gpx,HN_Taguan
泥娃娃-泥巴、樹根 塔關山.gpx,HN_Taguan_0353.gpx,HN_Taguan,4.31,4.72,688.1,691.9,3.8,2022/10/1,283,TRUE,TRUE,FALSE,FALSE,0,-0.292558534,-0.070291969,0.110965899,泥娃娃-泥巴、樹根 塔關山.gpx,HN_Taguan
塔關山 (60).gpx,HN_Taguan_0145.gpx,HN_Taguan,4.34,4.77,833.7,838.7,5,2023/4/8,286,TRUE,TRUE,FALSE,FALSE,0,1.902011498,-0.185258217,0.441772466,塔關山 (60).gpx,HN_Taguan
塔關山 - 2025-08-13T212046.843.gpx,HN_Taguan_0248.gpx,HN_Taguan,4.21,4.77,685.9,690.7,4.9,2022/7/16,286,TRUE,TRUE,FALSE,FALSE,0,-0.487999213,-0.17571159,0.130183503,塔關山 - 2025-08-13T212046.843.gpx,HN_Taguan
20230430_塔關山_BenJerryHanes.gpx,HN_Taguan_0067.gpx,HN_Taguan,4.48,4.79,674.6,644.8,29.8,2023/4/30,287,TRUE,TRUE,FALSE,FALSE,0,-0.443943002,0.055216306,-0.028653119,20230430_塔關山_BenJerryHanes.gpx,HN_Taguan
20230603塔關山.gpx,HN_Taguan_0069.gpx,HN_Taguan,3.94,4.82,664,670.3,6.3,2023/6/3,289,TRUE,TRUE,FALSE,FALSE,0,-1.259661479,-0.40348593,0.153847965,20230603塔關山.gpx,HN_Taguan
20230128塔關山.gpx,HN_Taguan_0061.gpx,HN_Taguan,4.56,4.86,740.8,742.4,1.7,2023/1/28,291,TRUE,TRUE,FALSE,FALSE,0,0.894006095,0.019393625,0.139938878,20230128塔關山.gpx,HN_Taguan
塔關山 (27).gpx,HN_Taguan_0118.gpx,HN_Taguan,4.18,4.86,786.2,811.4,25.2,2025/4/19,291,TRUE,TRUE,FALSE,FALSE,0,1.081061299,-0.332692788,0.393692301,塔關山 (27).gpx,HN_Taguan
塔關山 - 2025-08-13T211853.090.gpx,HN_Taguan_0220.gpx,HN_Taguan,3.93,4.87,885.2,909.5,24.4,2022/12/18,292,TRUE,TRUE,FALSE,FALSE,0,2.097154384,-0.616306517,0.699448642,塔關山 - 2025-08-13T211853.090.gpx,HN_Taguan
塔關山 - 2025-08-13T212327.539.gpx,HN_Taguan_0289.gpx,HN_Taguan,3.84,4.88,705.5,713.5,8,2022/7/4,293,TRUE,TRUE,FALSE,FALSE,0,-0.809443984,-0.548238248,0.27616964,塔關山 - 2025-08-13T212327.539.gpx,HN_Taguan
塔關山 (86).gpx,HN_Taguan_0165.gpx,HN_Taguan,3.78,4.96,648.6,658.4,9.8,2023/4/2,297,TRUE,TRUE,FALSE,FALSE,0,-1.731627934,-0.594788774,0.151241956,塔關山 (86).gpx,HN_Taguan
塔關山 - 2025-08-13T212438.703.gpx,HN_Taguan_0306.gpx,HN_Taguan,4.47,4.97,795.4,787.8,7.6,2022/5/29,298,TRUE,TRUE,FALSE,FALSE,0,1.474344723,-0.148810881,0.268094502,塔關山 - 2025-08-13T212438.703.gpx,HN_Taguan
2023-05-26 塔關山（百岳、單登）.gpx,HN_Taguan_0053.gpx,HN_Taguan,4.29,4.99,738.2,735.4,2.8,2023/5/26,299,TRUE,TRUE,FALSE,FALSE,0,0.363236879,-0.262311241,0.190244779,2023-05-26 塔關山（百岳、單登）.gpx,HN_Taguan
塔關山 - 2025-08-13T211818.181.gpx,HN_Taguan_0213.gpx,HN_Taguan,3.94,5.01,705.1,708.1,3,2023/1/8,300,TRUE,TRUE,FALSE,FALSE,0,-0.678586852,-0.532318207,0.221222215,塔關山 - 2025-08-13T211818.181.gpx,HN_Taguan
塔關山 - 2025-08-13T212101.207.gpx,HN_Taguan_0252.gpx,HN_Taguan,4.27,5.04,828,832.7,4.7,2022/9/11,302,TRUE,TRUE,FALSE,FALSE,0,1.700558697,-0.377046976,0.412801278,塔關山 - 2025-08-13T212101.207.gpx,HN_Taguan
20250502塔關山.gpx,HN_Taguan_0076.gpx,HN_Taguan,4.3,5.08,690.1,678,12.2,2025/5/2,305,TRUE,TRUE,FALSE,FALSE,0,-0.391145328,-0.25969579,0.048216354,20250502塔關山.gpx,HN_Taguan
塔關山 - 2025-08-13T212407.405.gpx,HN_Taguan_0295.gpx,HN_Taguan,3.75,5.08,781.2,773.6,7.6,2022/6/18,304,TRUE,TRUE,FALSE,FALSE,0,0.03466137,-0.776737868,0.433186728,塔關山 - 2025-08-13T212407.405.gpx,HN_Taguan
塔關山 - 2025-08-13T212241.083.gpx,HN_Taguan_0278.gpx,HN_Taguan,3.99,5.11,665,669.9,4.9,2022/7/25,306,TRUE,TRUE,FALSE,FALSE,0,-1.165121619,-0.51336545,0.100964157,塔關山 - 2025-08-13T212241.083.gpx,HN_Taguan
20250404塔關山 (1).gpx,HN_Taguan_0074.gpx,HN_Taguan,4.58,5.12,942.1,977.5,35.5,2025/4/4,307,TRUE,TRUE,FALSE,FALSE,0,4.129439657,-0.268963804,0.624305251,20250404塔關山 (1).gpx,HN_Taguan
塔關山 - 2025-08-13T212137.818.gpx,HN_Taguan_0265.gpx,HN_Taguan,4.29,5.13,823.9,815.9,8,2022/8/20,307,TRUE,TRUE,FALSE,FALSE,0,1.583208058,-0.399046354,0.367089234,塔關山 - 2025-08-13T212137.818.gpx,HN_Taguan
塔關山 - 2025-08-13T211916.895.gpx,HN_Taguan_0225.gpx,HN_Taguan,4.16,5.17,798.8,814.2,15.3,2022/12/9,310,TRUE,TRUE,FALSE,FALSE,0,1.164535568,-0.515032263,0.374340213,塔關山 - 2025-08-13T211916.895.gpx,HN_Taguan
塔關山 - 2025-08-13T211918.263.gpx,HN_Taguan_0226.gpx,HN_Taguan,4.16,5.17,798.8,814.2,15.3,2022/12/9,310,TRUE,TRUE,FALSE,FALSE,0,1.164535568,-0.515032263,0.374340213,塔關山 - 2025-08-13T211918.263.gpx,HN_Taguan
塔關山 - 2025-08-13T212108.333.gpx,HN_Taguan_0254.gpx,HN_Taguan,3.96,5.18,965.4,852.1,113.3,2022/9/9,310,TRUE,TRUE,FALSE,FALSE,0,2.321849008,-0.757902894,0.642590553,塔關山 - 2025-08-13T212108.333.gpx,HN_Taguan
塔關山20220730.gpx,HN_Taguan_0322.gpx,HN_Taguan,4.15,5.2,784.7,783.7,1,2022/7/30,312,TRUE,TRUE,FALSE,FALSE,0,0.821258722,-0.5209503,0.3165105,塔關山20220730.gpx,HN_Taguan
塔關山 - 2025-08-13T212112.139.gpx,HN_Taguan_0256.gpx,HN_Taguan,4.56,5.25,845.1,804.9,40.2,2022/9/9,315,TRUE,TRUE,FALSE,FALSE,0,2.122626326,-0.246054551,0.275349667,塔關山 - 2025-08-13T212112.139.gpx,HN_Taguan
塔關山 (64).gpx,HN_Taguan_0149.gpx,HN_Taguan,4.32,5.26,1000,1000,0,2023/5/1,315,TRUE,TRUE,FALSE,FALSE,0,4.275715126,-0.581862043,0.769199975,塔關山 (64).gpx,HN_Taguan
112_4_8塔關山.gpx,HN_Taguan_0016.gpx,HN_Taguan,3.98,5.26,724.3,724.7,0.4,2023/4/8,315,TRUE,TRUE,FALSE,FALSE,0,-0.343870444,-0.643188051,0.217962693,112_4_8塔關山.gpx,HN_Taguan
塔關山 (2).gpx,HN_Taguan_0114.gpx,HN_Taguan,3.85,5.26,732.3,726.1,6.2,2025/6/23,315,TRUE,TRUE,FALSE,FALSE,0,-0.497604939,-0.751748685,0.265971353,塔關山 (2).gpx,HN_Taguan
塔關山 - 2025-08-13T212110.752.gpx,HN_Taguan_0255.gpx,HN_Taguan,4.56,5.28,894.6,876.7,17.9,2022/9/9,317,TRUE,TRUE,FALSE,FALSE,0,3.011621977,-0.309143962,0.420407431,塔關山 - 2025-08-13T212110.752.gpx,HN_Taguan
塔關山 - 2025-08-13T211928.147.gpx,HN_Taguan_0228.gpx,HN_Taguan,3.96,5.33,739.3,665.1,74.2,2022/11/30,319,TRUE,TRUE,FALSE,FALSE,0,-0.703041063,-0.676438053,0.143470197,塔關山 - 2025-08-13T211928.147.gpx,HN_Taguan
塔關山 (97).gpx,HN_Taguan_0176.gpx,HN_Taguan,4.09,5.38,741.7,715.2,26.5,2023/3/20,323,TRUE,TRUE,FALSE,FALSE,0,-0.095426374,-0.618770392,0.172201367,塔關山 (97).gpx,HN_Taguan
塔關山 (49).gpx,HN_Taguan_0135.gpx,HN_Taguan,4.13,5.42,652.5,644.5,8,2022/11/12,325,TRUE,TRUE,FALSE,FALSE,0,-1.198079126,-0.545640363,-0.029621602,塔關山 (49).gpx,HN_Taguan
塔關山登山口-塔關山-塔關山登山口.gpx,HN_Taguan_0342.gpx,HN_Taguan,4.13,5.46,696.7,703.8,7.1,2022/8/20,327,TRUE,TRUE,FALSE,FALSE,0,-0.439273619,-0.606828007,0.091274304,塔關山登山口-塔關山-塔關山登山口.gpx,HN_Taguan
塔關山 - 2025-08-13T211726.417.gpx,HN_Taguan_0203.gpx,HN_Taguan,4.58,5.47,805.7,779.8,25.9,2023/2/11,328,TRUE,TRUE,FALSE,FALSE,0,1.687540847,-0.319118981,0.167455418,塔關山 - 2025-08-13T211726.417.gpx,HN_Taguan
塔關山 (28).gpx,HN_Taguan_0119.gpx,HN_Taguan,4.24,5.47,794.9,792,2.9,2025/4/16,328,TRUE,TRUE,FALSE,FALSE,0,1.115164925,-0.595068842,0.275488422,塔關山 (28).gpx,HN_Taguan
塔關山 - 2025-08-13T211957.303.gpx,HN_Taguan_0232.gpx,HN_Taguan,4.22,5.47,829.7,813.1,16.5,2022/11/13,328,TRUE,TRUE,FALSE,FALSE,0,1.490632684,-0.632554712,0.34419315,塔關山 - 2025-08-13T211957.303.gpx,HN_Taguan
塔關山 - 2025-08-13T212022.810.gpx,HN_Taguan_0243.gpx,HN_Taguan,4.58,5.51,766.1,777.1,11,2022/10/12,330,TRUE,TRUE,FALSE,FALSE,0,1.377834849,-0.324352915,0.121177129,塔關山 - 2025-08-13T212022.810.gpx,HN_Taguan
塔關山 - 2025-08-13T212146.089.gpx,HN_Taguan_0266.gpx,HN_Taguan,4.2,5.51,689.8,696.1,6.3,2022/8/17,330,TRUE,TRUE,FALSE,FALSE,0,-0.425562939,-0.570446304,0.046436941,塔關山 - 2025-08-13T212146.089.gpx,HN_Taguan
塔關山 (33).gpx,HN_Taguan_0123.gpx,HN_Taguan,4.08,5.53,663.7,660.2,3.5,2023/7/23,331,TRUE,TRUE,FALSE,FALSE,0,-1.084974873,-0.653527256,0.003550407,塔關山 (33).gpx,HN_Taguan
塔關山 - 2025-08-13T211919.663.gpx,HN_Taguan_0227.gpx,HN_Taguan,3.83,5.56,651.4,647.3,4.2,2022/12/7,333,TRUE,TRUE,FALSE,FALSE,0,-1.697373687,-0.861357243,0.043660579,塔關山 - 2025-08-13T211919.663.gpx,HN_Taguan
塔關山 - 2025-08-13T212050.906.gpx,HN_Taguan_0249.gpx,HN_Taguan,4.16,5.57,866.2,878.2,12,2022/9/17,334,TRUE,TRUE,FALSE,FALSE,0,2.133526598,-0.772898226,0.475983665,塔關山 - 2025-08-13T212050.906.gpx,HN_Taguan
塔關山 - 2025-08-13T212317.750.gpx,HN_Taguan_0287.gpx,HN_Taguan,3.98,5.64,698,689.3,8.6,2022/7/10,338,TRUE,TRUE,FALSE,FALSE,0,-0.78997692,-0.815732278,0.092340354,塔關山 - 2025-08-13T212317.750.gpx,HN_Taguan
塔關山 (48).gpx,HN_Taguan_0134.gpx,HN_Taguan,4.13,5.74,683.6,681.2,2.4,2023/6/24,344,TRUE,TRUE,FALSE,FALSE,0,-0.696419115,-0.737679304,0.00957637,塔關山 (48).gpx,HN_Taguan
塔關山 - 2025-08-13T212205.615.gpx,HN_Taguan_0273.gpx,HN_Taguan,4.02,5.75,726.9,741.9,15,2022/8/7,345,TRUE,TRUE,FALSE,FALSE,0,-0.122858534,-0.872507151,0.16819092,塔關山 - 2025-08-13T212205.615.gpx,HN_Taguan
塔關山 - 2025-08-13T212119.191.gpx,HN_Taguan_0259.gpx,HN_Taguan,4.17,5.77,675.9,675.6,0.3,2022/9/2,346,TRUE,TRUE,FALSE,FALSE,0,-0.724910579,-0.715772143,-0.021471276,塔關山 - 2025-08-13T212119.191.gpx,HN_Taguan
塔關山 - 2025-08-13T212158.664.gpx,HN_Taguan_0271.gpx,HN_Taguan,4,5.79,800.3,818.3,18,2022/8/10,347,TRUE,TRUE,FALSE,FALSE,0,0.941058319,-0.967500584,0.34682471,塔關山 - 2025-08-13T212158.664.gpx,HN_Taguan
塔關山 - 2025-08-13T212242.428.gpx,HN_Taguan_0279.gpx,HN_Taguan,4.39,5.82,744,774.2,30.2,2022/7/25,349,TRUE,TRUE,FALSE,FALSE,0,0.873794869,-0.629178149,0.111510742,塔關山 - 2025-08-13T212242.428.gpx,HN_Taguan
0503塔關山.gpx,HN_Taguan_0001.gpx,HN_Taguan,4.24,5.85,820.1,789.3,30.8,2025/5/3,350,TRUE,TRUE,FALSE,FALSE,0,1.286193343,-0.799771312,0.244881349,0503塔關山.gpx,HN_Taguan
塔關山 - 2025-08-13T212215.488.gpx,HN_Taguan_0276.gpx,HN_Taguan,4.21,5.86,823,877,53.9,2022/8/3,351,TRUE,TRUE,FALSE,FALSE,0,1.897890207,-0.866424616,0.38052788,塔關山 - 2025-08-13T212215.488.gpx,HN_Taguan
塔關山20221211.gpx,HN_Taguan_0326.gpx,HN_Taguan,4.39,5.87,791.5,782.3,9.1,2022/12/11,352,TRUE,TRUE,FALSE,FALSE,0,1.282368162,-0.675617889,0.160983872,塔關山20221211.gpx,HN_Taguan
2022-07-30塔關山.gpx,HN_Taguan_0024.gpx,HN_Taguan,4,5.87,599.5,596.5,3,2022/7/30,352,TRUE,TRUE,FALSE,FALSE,0,-2.153883549,-0.84462166,-0.16905054,2022-07-30塔關山.gpx,HN_Taguan
塔關山 (15).gpx,HN_Taguan_0111.gpx,HN_Taguan,3.73,6.01,688.5,669.6,18.9,2025/5/21,360,TRUE,TRUE,FALSE,FALSE,0,-1.426325877,-1.197749915,0.08028894,塔關山 (15).gpx,HN_Taguan
南橫 塔關山.gpx,HN_Taguan_0087.gpx,HN_Taguan,4.44,6.03,747.1,743.2,3.9,2022/7/24,361,TRUE,TRUE,FALSE,FALSE,0,0.758624379,-0.685789944,0.027456181,南橫 塔關山.gpx,HN_Taguan
塔關山 (6).gpx,HB_Taguan_0021.gpx,HB_Taguan,3.85,6.03,871.3,869.9,1.4,2023/4/3,361,TRUE,TRUE,FALSE,FALSE,0,1.586330892,-1.259993239,0.499757346,塔關山 (6).gpx,HB_Taguan
塔關山 - 2025-08-13T211639.731.gpx,HN_Taguan_0186.gpx,HN_Taguan,3.63,6.04,654.8,645.9,8.9,2023/3/5,362,TRUE,TRUE,FALSE,FALSE,0,-2.017830562,-1.272117456,0.040468955,塔關山 - 2025-08-13T211639.731.gpx,HN_Taguan
2025-5-24 晨間輕裝登山_塔關山.gpx,HB_Taguan_0016.gpx,HB_Taguan,3.78,6.08,601.8,643,41.2,2025/5/24,364,TRUE,TRUE,FALSE,FALSE,0,-2.170387308,-1.151161561,-0.063088443,2025-5-24 晨間輕裝登山_塔關山.gpx,HB_Taguan
塔關山 (22).gpx,HN_Taguan_0116.gpx,HN_Taguan,4.17,6.09,757.5,754.7,2.7,2025/4/26,365,TRUE,TRUE,FALSE,FALSE,0,0.457516024,-0.943608065,0.125670818,塔關山 (22).gpx,HN_Taguan
塔關山 (7).gpx,HB_Taguan_0022.gpx,HB_Taguan,3.66,6.1,604.5,618.2,13.6,2023/1/1,366,TRUE,TRUE,FALSE,FALSE,0,-2.537263266,-1.249261677,-0.063113473,塔關山 (7).gpx,HB_Taguan
塔關山 - 2025-08-13T211827.815.gpx,HN_Taguan_0215.gpx,HN_Taguan,3.89,6.11,848.8,698.8,150,2023/1/1,366,TRUE,TRUE,FALSE,FALSE,0,0.23914713,-1.190331133,0.211628262,塔關山 - 2025-08-13T211827.815.gpx,HN_Taguan
2025-1-30 晨間輕裝登山_塔關山.gpx,HB_Taguan_0012.gpx,HB_Taguan,3.81,6.15,640.1,634.7,5.4,2025/1/30,368,TRUE,TRUE,FALSE,FALSE,0,-1.897613022,-1.173602862,-0.057219814,2025-1-30 晨間輕裝登山_塔關山.gpx,HB_Taguan
塔關山 (45).gpx,HN_Taguan_0132.gpx,HN_Taguan,4.2,6.22,733.6,751.6,18,2023/7/8,373,TRUE,TRUE,FALSE,FALSE,0,0.312862891,-0.976700854,0.072720465,塔關山 (45).gpx,HN_Taguan
2024-12-28 塔關山 (1).gpx,HB_Taguan_0008.gpx,HB_Taguan,3.74,6.22,663.1,651.1,12,2024/12/28,373,TRUE,TRUE,FALSE,FALSE,0,-1.727679882,-1.281519544,-0.000760814,2024-12-28 塔關山 (1).gpx,HB_Taguan
2024-12-28 塔關山.gpx,HB_Taguan_0009.gpx,HB_Taguan,3.74,6.24,630,635.6,5.7,2024/12/28,374,TRUE,TRUE,FALSE,FALSE,0,-2.083650737,-1.273478192,-0.056593387,2024-12-28 塔關山.gpx,HB_Taguan
塔關山.gpx,HN_Taguan_0315.gpx,HN_Taguan,4.21,6.25,642.8,685.1,42.3,2025/6/29,375,TRUE,TRUE,FALSE,FALSE,0,-0.822343019,-0.923797419,-0.114386126,塔關山.gpx,HN_Taguan
2024.3.10塔關山.gpx,HB_Taguan_0010.gpx,HB_Taguan,3.96,6.26,746.1,647.6,98.5,2024/3/10,375,TRUE,TRUE,FALSE,FALSE,0,-0.766805411,-1.153034923,0.001560396,2024.3.10塔關山.gpx,HB_Taguan
2022.08.14 塔關山.gpx,HN_Taguan_0026.gpx,HN_Taguan,4.09,6.28,610.2,605.7,4.5,2022/8/14,376,TRUE,TRUE,FALSE,FALSE,0,-1.847559435,-0.99175408,-0.226873767,2022.08.14 塔關山.gpx,HN_Taguan
2022-06-26 塔關山.gpx,HN_Taguan_0020.gpx,HN_Taguan,4.11,6.29,797.9,827.9,30,2022/6/26,377,TRUE,TRUE,FALSE,FALSE,0,1.189835667,-1.140464758,0.259441195,2022-06-26 塔關山.gpx,HN_Taguan
塔關山 (85).gpx,HN_Taguan_0164.gpx,HN_Taguan,4.4,6.32,769.7,780,10.3,2023/4/3,379,TRUE,TRUE,FALSE,FALSE,0,1.129665958,-0.891594564,0.074655395,塔關山 (85).gpx,HN_Taguan
塔關山 - 2025-08-13T212151.648.gpx,HN_Taguan_0268.gpx,HN_Taguan,4.25,6.33,724.9,713.1,11.8,2022/8/14,379,TRUE,TRUE,FALSE,FALSE,0,0.054689275,-0.974183107,-0.019860878,塔關山 - 2025-08-13T212151.648.gpx,HN_Taguan
2025-03-08 塔關山.gpx,HB_Taguan_0011.gpx,HB_Taguan,4.1,6.4,726.5,623.7,102.8,2025/3/8,384,TRUE,TRUE,FALSE,FALSE,0,-0.843513527,-1.095365929,-0.111003193,2025-03-08 塔關山.gpx,HB_Taguan
塔關山 (34).gpx,HN_Taguan_0124.gpx,HN_Taguan,4.11,6.48,737.6,740.3,2.7,2023/7/22,388,TRUE,TRUE,FALSE,FALSE,0,0.109395191,-1.180810556,0.052514592,塔關山 (34).gpx,HN_Taguan
20250202新年第一爬_塔關山.gpx,HB_Taguan_0017.gpx,HB_Taguan,3.9,6.49,647.3,664.2,16.8,2025/2/2,389,TRUE,TRUE,FALSE,FALSE,0,-1.469529326,-1.291609553,-0.080026548,20250202新年第一爬_塔關山.gpx,HB_Taguan
塔關山 (3).gpx,HB_Taguan_0020.gpx,HB_Taguan,4.11,6.5,706.7,719.2,12.5,2023/3/18,389,TRUE,TRUE,FALSE,FALSE,0,-0.271404867,-1.171256734,-0.009261134,塔關山 (3).gpx,HB_Taguan
⛰️塔關山.gpx,HB_Taguan_0018.gpx,HB_Taguan,3.74,6.5,645,634.2,10.8,2024/12/28,390,TRUE,TRUE,FALSE,FALSE,0,-1.979809888,-1.412909521,-0.078997066,⛰️塔關山.gpx,HB_Taguan
0226塔關山.gpx,HB_Taguan_0001.gpx,HB_Taguan,3.5,6.62,786.8,845.9,59.2,2023/2/26,397,TRUE,TRUE,FALSE,FALSE,0,0.200309193,-1.807749514,0.411724408,0226塔關山.gpx,HB_Taguan
20230129塔關山.gpx,HN_Taguan_0062.gpx,HN_Taguan,4.38,6.72,756.5,767.4,10.9,2023/1/29,403,TRUE,TRUE,FALSE,FALSE,0,0.912547848,-1.104810976,-0.002822244,20230129塔關山.gpx,HN_Taguan
2025-3-7 晨間輕裝登山_塔關山.gpx,HB_Taguan_0014.gpx,HB_Taguan,4.04,6.72,635.9,646.7,10.8,2025/3/7,403,TRUE,TRUE,FALSE,FALSE,0,-1.437852434,-1.286135486,-0.18768461,2025-3-7 晨間輕裝登山_塔關山.gpx,HB_Taguan
塔關山.gpx,HB_Taguan_0023.gpx,HB_Taguan,3.98,6.72,683.7,629.1,54.6,2023/10/21,403,TRUE,TRUE,FALSE,FALSE,0,-1.318657648,-1.344703518,-0.150267783,塔關山.gpx,HB_Taguan
塔關山_南橫.gpx,HN_Taguan_0328.gpx,HN_Taguan,4.18,6.76,801.8,802.5,0.6,2023/2/15,405,TRUE,TRUE,FALSE,FALSE,0,1.159784934,-1.318081063,0.143755421,塔關山_南橫.gpx,HN_Taguan
20231202塔關山.gpx,HB_Taguan_0006.gpx,HB_Taguan,3.71,6.87,630.2,648.2,18,2023/12/2,412,TRUE,TRUE,FALSE,FALSE,0,-2.031644185,-1.62907429,-0.113011088,20231202塔關山.gpx,HB_Taguan
2022-12-3 塔關山.gpx,HB_Taguan_0002.gpx,HB_Taguan,3.9,6.94,625.1,631.9,6.7,2022/12/3,416,TRUE,TRUE,FALSE,FALSE,0,-1.861788456,-1.503149523,-0.206652707,2022-12-3 塔關山.gpx,HB_Taguan
塔關山 (2).gpx,HB_Taguan_0019.gpx,HB_Taguan,3.97,7.04,621.3,625,3.7,2022/8/14,422,TRUE,TRUE,FALSE,FALSE,0,-1.818705023,-1.494100675,-0.254068125,塔關山 (2).gpx,HB_Taguan
2023-07-22塔關山.gpx,HB_Taguan_0004.gpx,HB_Taguan,4.12,7.11,749.8,740.6,9.2,2023/7/22,426,TRUE,TRUE,FALSE,FALSE,0,0.227977698,-1.503349835,-0.02208736,2023-07-22塔關山.gpx,HB_Taguan
塔關山20221113.gpx,HN_Taguan_0324.gpx,HN_Taguan,4.1,7.26,669.3,678.5,9.2,2022/11/13,435,TRUE,TRUE,FALSE,FALSE,0,-0.848990604,-1.542354971,-0.200268772,塔關山20221113.gpx,HN_Taguan
2024-11-23 塔關山 慢慢走.gpx,HB_Taguan_0007.gpx,HB_Taguan,4.06,7.35,638.3,641.9,3.6,2024/11/23,440,TRUE,TRUE,FALSE,FALSE,0,-1.411363324,-1.594935065,-0.281724721,2024-11-23 塔關山 慢慢走.gpx,HB_Taguan
塔關山趕下山.gpx,HN_Taguan_0348.gpx,HN_Taguan,4.41,2.38,756.8,777,20.2,2023/7/9,142,TRUE,FALSE,FALSE,FALSE,0,1.022195033,0.527233075,-1.58446611,塔關山趕下山.gpx,HN_Taguan
南橫三星之塔關山 (2).gpx,HN_Taguan_0098.gpx,HN_Taguan,3.85,2.57,638.1,639.1,1,2022/5/11,154,TRUE,FALSE,FALSE,FALSE,0,-1.814009539,0.076141561,-1.75214953,南橫三星之塔關山 (2).gpx,HN_Taguan
塔關山單攻.gpx,HN_Taguan_0335.gpx,HN_Taguan,4.05,2.63,761.1,739.5,21.6,2025/5/24,157,TRUE,FALSE,FALSE,FALSE,0,0.166597555,0.120748591,-1.560537983,塔關山單攻.gpx,HN_Taguan
20220501_塔關山單攻.gpx,HN_Taguan_0030.gpx,HN_Taguan,4.13,3.06,811.6,804.5,7.1,2022/5/1,183,TRUE,FALSE,FALSE,FALSE,0,1.156395824,-0.082264345,-1.500979507,20220501_塔關山單攻.gpx,HN_Taguan
塔關山單攻 2022_5_4.gpx,HN_Taguan_0334.gpx,HN_Taguan,3.96,3.19,652.9,661.4,8.5,2022/5/4,191,TRUE,FALSE,FALSE,FALSE,0,-1.34425128,-0.170406358,-1.821162386,塔關山單攻 2022_5_4.gpx,HN_Taguan
搭關山.gpx,HN_Taguan_0352.gpx,HN_Taguan,4.51,3.24,845.1,869.7,24.7,2023/2/24,194,TRUE,FALSE,FALSE,FALSE,0,2.53292635,0.09269754,-1.512799741,搭關山.gpx,HN_Taguan
發哥下山腳爆掉的塔關山.gpx,HN_Taguan_0354.gpx,HN_Taguan,3.74,3.31,707.6,621.1,86.6,2022/6/19,198,TRUE,FALSE,FALSE,FALSE,0,-1.612720451,-0.413554674,-1.778237612,發哥下山腳爆掉的塔關山.gpx,HN_Taguan
塔關山單日.gpx,HN_Taguan_0336.gpx,HN_Taguan,4.03,3.37,718.1,706.1,12,2022/9/16,201,TRUE,FALSE,FALSE,FALSE,0,-0.416107292,-0.249062503,-1.740745979,塔關山單日.gpx,HN_Taguan
塔關山單攻 (1).gpx,HN_Taguan_0332.gpx,HN_Taguan,3.89,3.53,632.4,650.4,18,2022/5/21,211,TRUE,FALSE,FALSE,FALSE,0,-1.689800929,-0.390998089,-1.880431191,塔關山單攻 (1).gpx,HN_Taguan
塔關山輕鬆.gpx,HN_Taguan_0349.gpx,HN_Taguan,4.2,3.64,714.3,741.7,27.5,2023/6/25,218,TRUE,FALSE,FALSE,FALSE,0,0.111843472,-0.26470063,-1.779562674,塔關山輕鬆.gpx,HN_Taguan
20230126 南橫雙星之塔關山.gpx,HN_Taguan_0059.gpx,HN_Taguan,3.61,3.64,670,595.9,74.1,2023/1/26,218,TRUE,FALSE,FALSE,FALSE,0,-2.290566049,-0.665413951,-1.854734193,20230126 南橫雙星之塔關山.gpx,HN_Taguan
塔關山單攻 (2).gpx,HN_Taguan_0333.gpx,HN_Taguan,4.22,3.68,734.3,714.9,19.5,2022/7/17,220,TRUE,FALSE,FALSE,FALSE,0,0.097392419,-0.265432538,-1.810353674,塔關山單攻 (2).gpx,HN_Taguan
飛躍塔關山.gpx,HN_Taguan_0359.gpx,HN_Taguan,4.12,3.69,813,816,3,2022/7/23,221,TRUE,FALSE,FALSE,FALSE,0,1.243417692,-0.421675091,-1.563769369,飛躍塔關山.gpx,HN_Taguan
塔關山登山步道 (4).gpx,HN_Taguan_0345.gpx,HN_Taguan,3.77,3.71,625.9,620.9,5,2023/2/5,222,TRUE,FALSE,FALSE,FALSE,0,-2.156096751,-0.566637317,-1.917005224,塔關山登山步道 (4).gpx,HN_Taguan
塔關山山山山山.gpx,HN_Taguan_0337.gpx,HN_Taguan,4.49,3.72,773.4,798.5,25.1,2022/7/13,223,TRUE,FALSE,FALSE,FALSE,0,1.459051293,-0.116545769,-1.739481374,塔關山山山山山.gpx,HN_Taguan
2022_5_29塔關山登山步道.gpx,HN_Taguan_0049.gpx,HN_Taguan,3.7,3.73,693.7,676.7,17,2022/5/29,223,TRUE,FALSE,FALSE,FALSE,0,-1.369943737,-0.681168087,-1.75560591,2022_5_29塔關山登山步道.gpx,HN_Taguan
塔關山登山步道 (1).gpx,HN_Taguan_0343.gpx,HN_Taguan,4.05,3.81,754.6,746.8,7.9,2025/4/26,228,TRUE,FALSE,FALSE,FALSE,0,0.190554964,-0.49065215,-1.712598523,塔關山登山步道 (1).gpx,HN_Taguan
塔關山一日遊.gpx,HN_Taguan_0329.gpx,HN_Taguan,4.61,3.84,796.4,798.4,2,2023/4/3,230,TRUE,FALSE,FALSE,FALSE,0,1.834489587,-0.089952383,-1.769518789,塔關山一日遊.gpx,HN_Taguan
20221130 高雄塔關山.gpx,HN_Taguan_0043.gpx,HN_Taguan,3.92,3.86,616.1,621.1,5,2022/11/30,231,TRUE,FALSE,FALSE,FALSE,0,-1.967286563,-0.519554722,-1.990220074,20221130 高雄塔關山.gpx,HN_Taguan
菁英小隊塔關山.gpx,HN_Taguan_0356.gpx,HN_Taguan,4.04,3.92,804.4,849.3,44.9,2023/3/19,235,TRUE,FALSE,FALSE,FALSE,0,1.290473796,-0.616003879,-1.531015319,菁英小隊塔關山.gpx,HN_Taguan
塔關山登山.gpx,HN_Taguan_0341.gpx,HN_Taguan,3.7,3.96,644.6,637.3,7.4,2022/10/1,237,TRUE,FALSE,FALSE,FALSE,0,-2.014932717,-0.766159805,-1.888434744,塔關山登山.gpx,HN_Taguan
1120319南橫塔關山.gpx,HN_Taguan_0014.gpx,HN_Taguan,4.26,4.09,780.1,817.5,37.4,2023/3/19,245,TRUE,FALSE,FALSE,FALSE,0,1.258975783,-0.504233279,-1.68695145,1120319南橫塔關山.gpx,HN_Taguan
塔關山森林步道暢快登頂.gpx,HN_Taguan_0338.gpx,HN_Taguan,3.82,4.22,640.2,649.2,9,2022/12/12,253,TRUE,FALSE,FALSE,FALSE,0,-1.750583982,-0.807044901,-1.945556351,塔關山森林步道暢快登頂.gpx,HN_Taguan
肉腳塔關山 (1).gpx,HN_Taguan_0355.gpx,HN_Taguan,3.68,4.24,819.7,804.5,15.2,2022/7/8,254,TRUE,FALSE,FALSE,FALSE,0,0.463262466,-1.059695454,-1.516490484,肉腳塔關山 (1).gpx,HN_Taguan
南橫三星之塔關山.gpx,HN_Taguan_0099.gpx,HN_Taguan,4.65,4.29,813.5,826.7,13.3,2023/3/22,257,TRUE,FALSE,FALSE,FALSE,0,2.242491032,-0.308403443,-1.784530544,南橫三星之塔關山.gpx,HN_Taguan
南橫三星之塔關山 (1).gpx,HN_Taguan_0097.gpx,HN_Taguan,3.74,4.29,652.9,653.2,0.3,2023/3/11,257,TRUE,FALSE,FALSE,FALSE,0,-1.764081189,-0.914195991,-1.913515042,南橫三星之塔關山 (1).gpx,HN_Taguan
南橫二之一星.gpx,HN_Taguan_0104.gpx,HN_Taguan,4.83,4.37,739,765.1,26,2022/9/10,262,TRUE,FALSE,FALSE,FALSE,0,1.554706865,-0.151893047,-2.006339904,南橫二之一星.gpx,HN_Taguan
20250620南橫三山塔關山.gpx,HN_Taguan_0079.gpx,HN_Taguan,4.4,4.44,627.6,611.9,15.7,2025/6/20,266,TRUE,FALSE,FALSE,FALSE,0,-1.119050958,-0.432126897,-2.211656002,20250620南橫三山塔關山.gpx,HN_Taguan
20221216 塔關山來回.gpx,HN_Taguan_0047.gpx,HN_Taguan,3.81,4.47,766.6,766.6,0,2022/12/16,268,TRUE,FALSE,FALSE,FALSE,0,0.022576123,-1.038772846,-1.689433255,20221216 塔關山來回.gpx,HN_Taguan
塔關山登山步道 (5).gpx,HN_Taguan_0346.gpx,HN_Taguan,3.92,4.49,747,753,6,2022/10/3,269,TRUE,FALSE,FALSE,FALSE,0,-0.032015286,-0.947492787,-1.762480862,塔關山登山步道 (5).gpx,HN_Taguan
一日塔關山.gpx,HN_Taguan_0086.gpx,HN_Taguan,4.53,4.69,820.3,788.1,32.2,2023/1/27,281,TRUE,FALSE,FALSE,FALSE,0,1.810607243,-0.598978225,-1.850806991,一日塔關山.gpx,HN_Taguan
2023-03／17.gpx,HN_Taguan_0052.gpx,HN_Taguan,4.04,4.72,659.3,633.4,25.9,2023/3/17,283,TRUE,FALSE,FALSE,FALSE,0,-1.341464584,-0.888409224,-2.081681898,2023-03／17.gpx,HN_Taguan
20230617 塔關山登山步道.gpx,HN_Taguan_0070.gpx,HN_Taguan,3.98,4.76,695.8,702.3,6.5,2023/6/17,285,TRUE,FALSE,FALSE,FALSE,0,-0.671695817,-0.999265366,-1.936506564,20230617 塔關山登山步道.gpx,HN_Taguan
塔関山.gpx,HN_Taguan_0106.gpx,HN_Taguan,3.93,4.86,697,689.7,7.2,2023/1/6,291,TRUE,FALSE,FALSE,FALSE,0,-0.839177264,-1.086677547,-1.951836884,塔関山.gpx,HN_Taguan
陪小悍馬爬塔關山.gpx,HN_Taguan_0358.gpx,HN_Taguan,3.91,4.89,692.8,682.9,9.9,2023/2/26,293,TRUE,FALSE,FALSE,FALSE,0,-0.953541439,-1.11404404,-1.963546013,陪小悍馬爬塔關山.gpx,HN_Taguan
塔關山健行.gpx,HN_Taguan_0331.gpx,HN_Taguan,4.56,4.93,825.5,832.6,7.1,2022/10/5,295,TRUE,FALSE,FALSE,FALSE,0,2.229441431,-0.719189124,-1.823017893,塔關山健行.gpx,HN_Taguan
2022_7_17 塔關山塞車中.gpx,HN_Taguan_0050.gpx,HN_Taguan,4.34,5.06,774.9,787.6,12.6,2022/7/17,303,TRUE,FALSE,FALSE,FALSE,0,1.15408754,-0.92740175,-1.886834238,2022_7_17 塔關山塞車中.gpx,HN_Taguan
山谷塔關山.gpx,HN_Taguan_0351.gpx,HN_Taguan,4.21,5.15,767.6,751.7,15.9,2022/6/18,309,TRUE,FALSE,FALSE,FALSE,0,0.616576034,-1.061611965,-1.918415594,山谷塔關山.gpx,HN_Taguan
1111009.gpx,HN_Taguan_0009.gpx,HN_Taguan,4.5,5.16,846.5,838.8,7.7,2022/10/9,309,TRUE,FALSE,FALSE,FALSE,0,2.329674397,-0.896902959,-1.807183862,1111009.gpx,HN_Taguan
塔關山步道 (1).gpx,HN_Taguan_0339.gpx,HN_Taguan,4.04,5.21,677.7,689.5,11.8,2023/1/1,312,TRUE,FALSE,FALSE,FALSE,0,-0.788425687,-1.171835545,-2.049187962,塔關山步道 (1).gpx,HN_Taguan
南橫三星塔關山步道112.6.10.gpx,HN_Taguan_0101.gpx,HN_Taguan,4.13,5.45,741.5,758.1,16.6,2023/6/10,327,TRUE,FALSE,FALSE,FALSE,0,0.339493983,-1.274731182,-1.949795901,南橫三星塔關山步道112.6.10.gpx,HN_Taguan
2022 12_11南橫塔關山.gpx,HN_Taguan_0018.gpx,HN_Taguan,4.2,5.78,893.1,896,2.9,2022/12/11,347,TRUE,FALSE,FALSE,FALSE,0,2.585818684,-1.500790766,-1.675049738,2022 12_11南橫塔關山.gpx,HN_Taguan
塔關山登山步道 (3).gpx,HN_Taguan_0344.gpx,HN_Taguan,4.14,5.88,785.7,786.5,0.8,2023/6/24,352,TRUE,FALSE,FALSE,FALSE,0,0.895380225,-1.516945932,-1.927726448,塔關山登山步道 (3).gpx,HN_Taguan
塔關山步道.gpx,HN_Taguan_0340.gpx,HN_Taguan,4.03,5.96,706,718.5,12.4,2023/5/1,357,TRUE,FALSE,FALSE,FALSE,0,-0.374129086,-1.590326425,-2.077653816,塔關山步道.gpx,HN_Taguan
1212塔関山.gpx,HN_Taguan_0017.gpx,HN_Taguan,3.75,6.02,689.8,710.4,20.5,2022/12/12,361,TRUE,FALSE,FALSE,FALSE,0,-1.030949368,-1.838499971,-2.029427155,1212塔関山.gpx,HN_Taguan
塔關山糜爛之旅.gpx,HN_Taguan_0347.gpx,HN_Taguan,4.33,6.24,821.7,861.7,40,2022/7/29,374,TRUE,FALSE,FALSE,FALSE,0,2.040748559,-1.593762827,-1.890484206,塔關山糜爛之旅.gpx,HN_Taguan
111_7_29塔關山糜爛行.gpx,HN_Taguan_0012.gpx,HN_Taguan,4.26,6.46,792.9,787.9,5,2022/7/29,387,TRUE,FALSE,FALSE,FALSE,0,1.17296997,-1.723330928,-2.031399701,111_7_29塔關山糜爛行.gpx,HN_Taguan
2023-07-10塔關山二刷.gpx,HB_Taguan_0003.gpx,HB_Taguan,4.01,6.58,647.7,622.3,25.4,2023/7/10,395,TRUE,FALSE,FALSE,FALSE,0,-1.53042626,-1.866576289,-2.346069556,2023-07-10塔關山二刷.gpx,HB_Taguan
20221129南橫三星-塔關山.gpx,HN_Taguan_0042.gpx,HN_Taguan,4.39,3.24,726.4,736.1,9.7,2022/11/19,194,TRUE,TRUE,TRUE,FALSE,0,-0.063104904,3.798315318,-0.19597203,20221129南橫三星-塔關山.gpx,HN_Taguan
塔關山 (南橫三星).gpx,HN_Taguan_0178.gpx,HN_Taguan,4.51,3.32,712.2,715.2,3,2023/6/21,199,TRUE,TRUE,TRUE,FALSE,0,-0.113426353,3.867677488,-0.285308552,塔關山 (南橫三星).gpx,HN_Taguan
20230101-南橫三星（1）-塔關山.gpx,HN_Taguan_0058.gpx,HN_Taguan,4.01,3.4,742,771.2,29.2,2023/1/1,203,TRUE,TRUE,TRUE,FALSE,0,-0.340264297,3.388202594,-0.039817254,20230101-南橫三星（1）-塔關山.gpx,HN_Taguan
[南橫三星]塔關山.gpx,HN_Taguan_0082.gpx,HN_Taguan,4.57,3.62,681.9,684.9,3,2022/5/6,217,TRUE,TRUE,TRUE,FALSE,0,-0.450031624,3.78438592,-0.414559381,[南橫三星]塔關山.gpx,HN_Taguan
2022-06-01 塔關山（百岳、南橫三星）.gpx,HN_Taguan_0019.gpx,HN_Taguan,4.01,3.77,699.7,698.1,1.6,2022/6/1,226,TRUE,TRUE,TRUE,FALSE,0,-1.179756632,3.242185667,-0.233002982,2022-06-01 塔關山（百岳、南橫三星）.gpx,HN_Taguan
塔關山～南橫三星.gpx,HN_Taguan_0350.gpx,HN_Taguan,4.16,3.82,744.7,742.4,2.3,2022/5/6,229,TRUE,TRUE,TRUE,FALSE,0,-0.267736072,3.302969341,-0.178558667,塔關山～南橫三星.gpx,HN_Taguan
南橫三星-塔關山 (3).gpx,HN_Taguan_0094.gpx,HN_Taguan,4.39,3.96,676.4,680.3,3.9,2023/2/1,237,TRUE,TRUE,TRUE,FALSE,0,-0.827112022,3.466800072,-0.418035434,南橫三星-塔關山 (3).gpx,HN_Taguan
【百岳】南橫三星-塔關山.gpx,HN_Taguan_0084.gpx,HN_Taguan,4.55,4.06,618.6,616.6,2,2022/8/27,243,TRUE,TRUE,TRUE,FALSE,0,-1.441671357,3.591604488,-0.623920384,【百岳】南橫三星-塔關山.gpx,HN_Taguan
高雄桃源-南橫三星-塔關山.gpx,HN_Taguan_0361.gpx,HN_Taguan,4.05,4.42,696.6,701.4,4.7,2022/9/30,265,TRUE,TRUE,TRUE,FALSE,0,-1.099794005,2.937853659,-0.329194629,高雄桃源-南橫三星-塔關山.gpx,HN_Taguan
南橫三星：塔關山.gpx,HN_Taguan_0102.gpx,HN_Taguan,4.01,5.16,680.9,714.9,34,2023/2/5,309,TRUE,TRUE,TRUE,FALSE,0,-1.173299522,2.522633045,-0.410846502,南橫三星：塔關山.gpx,HN_Taguan
南橫三星_塔關山.gpx,HN_Taguan_0096.gpx,HN_Taguan,3.82,2.43,650.5,640.6,9.9,2022/8/5,146,TRUE,TRUE,TRUE,FALSE,0,-2.307631116,3.823716085,-0.127420937,南橫三星_塔關山.gpx,HN_Taguan
2022-07-23 高雄桃源區 南橫三星 _ 塔關山.gpx,HN_Taguan_0022.gpx,HN_Taguan,3.94,3.66,626.4,617.8,8.6,2022/7/23,219,TRUE,TRUE,TRUE,FALSE,0,-2.426717982,3.302232503,-0.381179835,2022-07-23 高雄桃源區 南橫三星 _ 塔關山.gpx,HN_Taguan
南橫三星 Day1 塔關山.gpx,HN_Taguan_0089.gpx,HN_Taguan,4,3.98,644.2,619.2,25,2025/6/28,238,TRUE,TRUE,TRUE,FALSE,0,-2.178143527,3.178076115,-0.422682602,南橫三星 Day1 塔關山.gpx,HN_Taguan
111_09_17南橫三星：塔關山.gpx,HN_Taguan_0010.gpx,HN_Taguan,3.87,4.12,653.7,652.7,1,2022/9/17,246,TRUE,TRUE,TRUE,FALSE,0,-2.083850016,2.983269082,-0.345937401,111_09_17南橫三星：塔關山.gpx,HN_Taguan
南橫三星-塔關山 (1).gpx,HN_Taguan_0092.gpx,HN_Taguan,3.81,4.31,658.3,674.6,16.3,2023/4/3,258,TRUE,TRUE,TRUE,FALSE,0,-1.989704629,2.825727476,-0.317730025,南橫三星-塔關山 (1).gpx,HN_Taguan
